NDB_No,Shrt_Desc,Water_g,Energ_Kcal,Protein_g,Lipid_Tot_g,Ash_g,Carbohydrt_g,Fiber_TD_g,Sugar_Tot_g,Calcium_mg,Iron_mg,Magnesium_mg,Phosphorus_mg,Potassium_mg,Sodium_mg,Zinc_mg,Copper_mg,Manganese_mg,Selenium_mcg,Vit_C_mg,Thiamin_mg,Riboflavin_mg,Niacin_mg,Panto_Acid_mg,Vit_B6_mg,Folate_Tot_mcg,Folic_Acid_mcg,Food_Folate_mcg,Folate_DFE_mcg,Choline_Tot_mg,Vit_B12_mcg,Vit_A_IU,Vit_A_RAE,Retinol_mcg,Alpha_Carot_mcg,Beta_Carot_mcg,Beta_Crypt_mcg,Lycopene_mcg,Lut_and_Zea_mcg,Vit_E_mg,Vit_D_mcg,Vit_D_IU,Vit_K_mcg,FA_Sat_g,FA_Mono_g,FA_Poly_g,Cholestrl_mg,GmWt_1,GmWt_Desc1,GmWt_2,GmWt_Desc2,Refuse_Pct
9003,"APPLES,RAW,WITH SKIN",85.56,52,0.26,0.17,0.19,13.81,2.4,10.39,6,0.12,5,11,107,1,0.04,0.027,0.035,0,4.6,0.017,0.026,0.091,0.061,0.041,3,0,3,3,3.4,0.0,54,3,0,0,27,11,0,29,0.18,0,0,2.2,0.028,0.007,0.051,0,125,"1 cup, quartered or chopped",109,"1 cup, slices",10
9004,"APPLES,RAW,WITHOUT SKIN",86.67,48,0.27,0.13,0.17,12.76,1.3,10.1,5,0.07,4,11,90,0,0.05,0.031,0.038,0,4,0.019,0.028,0.091,0.071,0.037,0,0,0,0,3.4,0.0,38,2,0,0,17,13,0,18,0.05,0,0,0.6,0.021,0.005,0.037,0,110,"1 cup, slices",216,"1 large,  (3-1/4"" dia)",23
9021,"APRICOTS,RAW",86.35,48,1.4,0.39,0.75,11.12,2,9.24,13,0.39,10,23,259,1,0.2,0.078,0.077,0.1,10,0.03,0.04,0.6,0.24,0.054,9,0,9,9,2.8,0.0,1926,96,0,19,1094,104,0,89,0.89,0,0,3.3,0.027,0.17,0.077,0,155,"1 cup,  halves",165,"1 cup, sliced",7
9037,"AVOCADOS,RAW,ALL COMM VAR",73.23,160,2.0,14.66,1.58,8.53,6.7,0.66,12,0.55,29,52,485,7,0.64,0.19,0.142,0.4,10,0.067,0.13,1.738,1.389,0.257,81,0,81,81,14.2,0.0,146,7,0,24,62,28,0,271,2.07,0,0,21,2.126,9.799,1.816,0,150,"1 cup, cubes",230,"1 cup, pureed",26
9038,"AVOCADOS,RAW,CALIFORNIA",72.33,167,1.96,15.41,1.66,8.64,6.8,0.3,13,0.61,29,54,507,8,0.68,0.17,0.149,0.4,8.8,0.075,0.143,1.912,1.463,0.287,89,0,89,89,14.2,0.0,147,7,0,24,63,27,0,271,1.97,0,0,21,2.126,9.799,1.816,0,230,"1 cup, pureed",136,"1 fruit, without skin and seed",33
9039,"AVOCADOS,RAW,FLORIDA",78.81,120,2.23,10.06,1.08,7.82,5.6,2.42,10,0.17,24,40,351,2,0.4,0.311,0.095,,17.4,0.021,0.053,0.672,0.931,0.078,35,0,35,35,,0.0,140,7,0,27,53,36,,,2.66,0,0,,1.96,5.513,1.676,0,230,"1 cup, pureed",304,"1 fruit, without skin and seeds",33
9040,"BANANAS,RAW",74.91,89,1.09,0.33,0.82,22.84,2.6,12.23,5,0.26,27,22,358,1,0.15,0.078,0.27,1,8.7,0.031,0.073,0.665,0.334,0.367,20,0,20,20,9.8,0.0,64,3,0,25,26,0,0,22,0.1,0,0,0.5,0.112,0.032,0.073,0,225,"1 cup, mashed",150,"1 cup, sliced",36
9042,"BLACKBERRIES,RAW",88.15,43,1.39,0.49,0.37,9.61,5.3,4.88,29,0.62,20,22,162,1,0.53,0.165,0.646,0.4,21,0.02,0.026,0.646,0.276,0.03,25,0,25,25,8.5,0.0,214,11,0,0,128,0,0,118,1.17,0,0,19.8,0.014,0.047,0.28,0,144,1 cup,,,4
9050,"BLUEBERRIES,RAW",84.21,57,0.74,0.33,0.24,14.49,2.4,9.96,6,0.28,6,12,77,1,0.16,0.057,0.336,0.1,9.7,0.037,0.041,0.418,0.124,0.052,6,0,6,6,6,0.0,54,3,0,0,32,0,0,80,0.57,0,0,19.3,0.028,0.047,0.146,0,148,1 cup,68,50 berries,5
9063,"CHERRIES,SOUR,RED,RAW",86.13,50,1.0,0.3,0.4,12.18,1.6,8.49,16,0.32,9,15,173,3,0.1,0.104,0.112,0,10,0.03,0.04,0.4,0.143,0.044,8,0,8,8,6.1,0.0,1283,64,0,0,770,0,0,85,0.07,0,0,2.1,0.068,0.082,0.09,0,155,"1 cup, without pits",103,"1 cup, with pits yields",10
9070,"CHERRIES,SWEET,RAW",82.25,63,1.06,0.2,0.48,16.01,2.1,12.82,13,0.36,11,21,222,0,0.07,0.06,0.07,0,7,0.027,0.033,0.154,0.199,0.049,4,0,4,4,6.1,0.0,64,3,0,0,38,0,0,85,0.07,0,0,2.1,0.038,0.047,0.052,0,138,"1 cup, with pits yields",154,"1 cup, without pits",8
9078,"CRANBERRIES,RAW",87.32,46,0.46,0.13,0.12,11.97,3.6,4.27,8,0.23,6,11,80,2,0.09,0.056,0.267,0.1,14,0.012,0.02,0.101,0.295,0.057,1,0,1,1,5.5,0.0,63,3,0,0,38,0,0,91,1.32,0,0,5,0.008,0.018,0.055,0,110,"1 cup, chopped",100,"1 cup, whole",2
9083,"CURRANTS,EUROPEAN BLACK,RAW",81.96,63,1.4,0.41,0.86,15.38,,,55,1.54,24,59,322,2,0.27,0.086,0.256,,181,0.05,0.05,0.3,0.398,0.066,,,,,,0.0,230,12,0,,,,,,1,,,,0.034,0.058,0.179,0,112,1 cup,,,2
9084,"CURRANTS,RED&WHITE,RAW",83.95,56,1.4,0.2,0.66,13.8,4.3,7.37,33,1,13,44,275,1,0.23,0.107,0.186,0.6,41,0.04,0.05,0.1,0.064,0.07,8,0,8,8,7.6,0.0,42,2,0,0,25,0,0,47,0.1,0,0,11,0.017,0.028,0.088,0,112,1 cup,,,2
9087,"DATES,DEGLET NOOR",20.53,282,2.45,0.39,1.6,75.03,8,63.35,39,1.02,43,62,656,2,0.29,0.206,0.262,3,0.4,0.052,0.066,1.274,0.589,0.165,19,0,19,19,6.3,0.0,10,0,0,0,6,0,0,75,0.05,0,0,2.7,0.032,0.036,0.019,0,147,"1 cup, chopped",7.1,"1 date, pitted",10
9089,"FIGS,RAW",79.11,74,0.75,0.3,0.66,19.18,2.9,16.26,35,0.37,17,14,232,1,0.15,0.07,0.128,0.2,2,0.06,0.05,0.4,0.3,0.113,6,0,6,6,4.7,0.0,142,7,0,0,85,0,0,9,0.11,0,0,4.7,0.06,0.066,0.144,0,64,"1 large,  (2-1/2"" dia)",50,"1 medium,  (2-1/4"" dia)",1
9111,"GRAPEFRUIT,RAW,PINK&RED&WHITE,ALL AREAS",90.89,32,0.63,0.1,0.31,8.08,1.1,6.98,12,0.09,8,8,139,0,0.07,0.047,0.012,0.3,34.4,0.036,0.02,0.25,0.283,0.042,10,0,10,10,7.7,0.0,927,46,0,4,552,6,1135,6,0.13,0,0,0,0.014,0.013,0.024,0,230,"1 cup, sections with juice",166,".5 large,  (approx 4-1/2"" dia)",50
9112,"GRAPEFRUIT,RAW,PINK&RED,ALL AREAS",88.06,42,0.77,0.14,0.36,10.66,1.6,6.89,22,0.08,9,18,135,0,0.07,0.032,0.022,0.1,31.2,0.043,0.031,0.204,0.262,0.053,13,0,13,13,7.7,0.0,1150,58,0,3,686,6,1419,5,0.13,0,0,0,0.021,0.02,0.036,0,230,"1 cup, sections with juice",123,".5 fruit,  (3-3/4"" dia)",49
9113,"GRAPEFRUIT,RAW,PINK&RED,CALIFORNIA&ARIZONA",89.31,37,0.5,0.1,0.4,9.69,,,11,0.08,9,12,147,1,0.07,0.032,0.02,,38.1,0.034,0.02,0.191,0.283,0.042,12,0,12,12,,0.0,259,13,0,,,,,,,0,0,,0.014,0.013,0.024,0,230,"1 cup, sections with juice",123,".5 fruit,  (3-3/4"" dia)",49
9114,"GRAPEFRUIT,RAW,PINK & RED,FLORIDA",91.56,30,0.55,0.1,0.29,7.5,1.1,,15,0.12,8,9,127,0,0.07,0.044,0.01,1.4,37,0.04,0.02,0.2,0.283,0.042,9,0,9,9,,0.0,259,13,0,,,,,,,0,0,,0.014,0.013,0.024,0,230,"1 cup, sections with juice",123,".5 fruit,  (3-3/4"" dia)",49
9116,"GRAPEFRUIT,RAW,WHITE,ALL AREAS",90.48,33,0.69,0.1,0.33,8.41,1.1,7.31,12,0.06,9,8,148,0,0.07,0.05,0.013,1.4,33.3,0.037,0.02,0.269,0.283,0.043,10,0,10,10,7.7,0.0,33,2,0,8,14,3,0,10,0.13,0,0,0,0.014,0.013,0.024,0,230,"1 cup, sections with juice",118,".5 fruit,  (3-3/4"" dia)",51
9117,"GRAPEFRUIT,RAW,WHITE,CALIFORNIA",89.58,37,0.88,0.1,0.35,9.09,,,12,0.08,9,12,143,0,0.07,0.032,0.02,,33.3,0.037,0.02,0.269,0.283,0.043,12,0,12,12,,0.0,10,0,0,,,,,,,0,0,,0.014,0.013,0.024,0,230,"1 cup, sections with juice",118,".5 fruit,  (3-3/4"" dia)",51
9118,"GRAPEFRUIT,RAW,WHITE,FLORIDA",90.76,32,0.63,0.1,0.32,8.19,,,15,0.05,9,7,150,0,0.07,0.056,0.011,,37,0.04,0.02,0.2,0.283,0.043,9,0,9,9,,0.0,10,0,0,,,,,,,0,0,,0.014,0.013,0.024,0,230,"1 cup, sections with juice",118,".5 fruit,  (3-3/4"" dia)",51
9148,"KIWIFRUIT,GRN,RAW",83.07,61,1.14,0.52,0.61,14.66,3,8.99,34,0.31,17,34,312,3,0.14,0.13,0.098,0.2,92.7,0.027,0.025,0.341,0.183,0.063,25,0,25,25,7.8,0.0,87,4,0,0,52,0,0,122,1.46,0,0,40.3,0.029,0.047,0.287,0,180,"1 cup, sliced",69,"1 fruit,  (2"" dia)",24
9159,"LIMES,RAW",88.26,30,0.7,0.2,0.3,10.54,2.8,1.69,33,0.6,6,18,102,2,0.11,0.065,0.008,0.4,29.1,0.03,0.02,0.2,0.217,0.043,8,0,8,8,5.1,0.0,50,2,0,0,30,0,0,0,0.22,0,0,0.6,0.022,0.019,0.055,0,67,"1 fruit,  (2"" dia)",67,1 NLEA serving,16
9176,"MANGOS,RAW",83.46,60,0.82,0.38,0.36,14.98,1.6,13.66,11,0.16,10,14,168,1,0.09,0.111,0.063,0.6,36.4,0.028,0.038,0.669,0.197,0.119,43,0,43,43,7.6,0.0,1082,54,0,9,640,10,3,23,0.9,0,0,4.2,0.092,0.14,0.071,0,165,"1 cup, pieces",336,"1 fruit, without refuse",29
9181,"MELONS,CANTALOUPE,RAW",90.15,34,0.84,0.19,0.65,8.16,0.9,7.86,9,0.21,12,15,267,16,0.18,0.041,0.041,0.4,36.7,0.041,0.019,0.734,0.105,0.072,21,0,21,21,7.6,0.0,3382,169,0,16,2020,1,0,26,0.05,0,0,2.5,0.051,0.003,0.081,0,177,"1 cup, balls",160,"1 cup, cubes",49
9183,"MELONS,CASABA,RAW",91.85,28,1.11,0.1,0.36,6.58,0.9,5.69,11,0.34,11,5,182,9,0.07,0.06,0.035,0.4,21.8,0.015,0.031,0.232,0.084,0.163,8,0,8,8,7.6,0.0,0,0,0,0,0,0,0,26,0.05,0,0,2.5,0.025,0.002,0.039,0,170,"1 cup, cubes",1640,1 melon,40
9184,"MELONS,HONEYDEW,RAW",89.82,36,0.54,0.14,0.41,9.09,0.8,8.12,6,0.17,10,11,228,18,0.09,0.024,0.027,0.7,18,0.038,0.012,0.418,0.155,0.088,19,0,19,19,7.6,0.0,50,3,0,0,30,0,0,27,0.02,0,0,2.9,0.038,0.003,0.059,0,170,"1 cup, diced (approx 20 pieces per cup)",177,"1 cup, balls",54
9191,"NECTARINES,RAW",87.59,44,1.06,0.32,0.48,10.55,1.7,7.89,6,0.28,9,26,201,0,0.17,0.086,0.054,0,5.4,0.034,0.027,1.125,0.185,0.025,5,0,5,5,6.2,0.0,332,17,0,0,150,98,0,130,0.77,0,0,2.2,0.025,0.088,0.113,0,143,"1 cup, slices",129,"1 small,  (2-1/3"" dia)",9
9200,"ORANGES,RAW,ALL COMM VAR",86.75,47,0.94,0.12,0.44,11.75,2.4,9.35,40,0.1,10,14,181,0,0.07,0.045,0.025,0.5,53.2,0.087,0.04,0.282,0.25,0.06,30,0,30,30,8.4,0.0,225,11,0,11,71,116,0,129,0.18,0,0,0,0.015,0.023,0.025,0,180,"1 cup, sections",184,"1 large,  (3-1/16"" dia)",27
9201,"ORANGES,RAW,CALIFORNIA,VALENCIAS",86.34,49,1.04,0.3,0.42,11.89,2.5,,40,0.09,10,17,179,0,0.06,0.037,0.023,,48.5,0.087,0.04,0.274,0.25,0.063,39,0,39,39,,0.0,230,12,0,,,,,,,0,0,,0.035,0.055,0.06,0,180,"1 cup, sections without membranes",121,"1 fruit,  (2-5/8"" dia)",25
9202,"ORANGES,RAW,NAVELS",85.97,49,0.91,0.15,0.43,12.54,2.2,8.5,43,0.13,11,23,166,1,0.08,0.039,0.029,0,59.1,0.068,0.051,0.425,0.261,0.079,34,0,34,34,8.4,0.0,247,12,0,7,87,116,0,129,0.15,0,0,0,0.017,0.03,0.031,0,165,"1 cup, sections without membranes",140,"1 fruit,  (2-7/8"" dia)",32
9203,"ORANGES,RAW,FLORIDA",87.14,46,0.7,0.21,0.41,11.54,2.4,9.14,43,0.09,10,12,169,0,0.08,0.039,0.024,0.5,45,0.1,0.04,0.4,0.25,0.051,17,0,17,17,8.4,0.0,225,11,0,11,71,116,0,129,0.18,0,0,0,0.025,0.039,0.042,0,185,"1 cup, sections without membranes",141,"1 fruit,  (2-5/8"" dia)",26
9218,"TANGERINES,(MANDARIN ORANGES),RAW",85.17,53,0.81,0.31,0.38,13.34,1.8,10.58,37,0.15,12,20,166,2,0.07,0.042,0.039,0.1,26.7,0.058,0.036,0.376,0.216,0.078,16,0,16,16,10.2,0.0,681,34,0,101,155,407,0,138,0.2,0,0,0,0.039,0.06,0.065,0,195,"1 cup, sections",76,"1 small,  (2-1/4"" dia)",26
9226,"PAPAYAS,RAW",88.06,43,0.47,0.26,0.39,10.82,1.7,7.82,20,0.25,21,10,182,8,0.08,0.045,0.04,0.6,60.9,0.023,0.027,0.357,0.191,0.038,37,0,37,37,6.1,0.0,950,47,0,2,274,589,1828,89,0.3,0,0,2.6,0.081,0.072,0.058,0,145,"1 cup, 1"" pieces",230,"1 cup, mashed",38
9231,"PASSION-FRUIT,(GRANADILLA),PURPLE,RAW",72.93,97,2.2,0.7,0.8,23.38,10.4,11.2,12,1.6,29,68,348,28,0.1,0.086,,0.6,30,0.0,0.13,1.5,,0.1,14,0,14,14,7.6,0.0,1272,64,0,0,743,41,0,0,0.02,0,0,0.7,0.059,0.086,0.411,0,236,1 cup,18,"1 fruit, without refuse",48
9252,"PEARS,RAW",83.96,57,0.36,0.14,0.32,15.23,3.1,9.75,9,0.18,7,12,116,1,0.1,0.082,0.048,0.1,4.3,0.012,0.026,0.161,0.049,0.029,7,0,7,7,5.1,0.0,25,1,0,1,14,2,0,44,0.12,0,0,4.4,0.022,0.084,0.094,0,140,"1 cup, slices",161,"1 cup, cubes",10
9263,"PERSIMMONS,JAPANESE,RAW",80.32,70,0.58,0.19,0.33,18.59,3.6,12.53,8,0.15,9,17,161,1,0.11,0.113,0.355,0.6,7.5,0.03,0.02,0.1,,0.1,8,0,8,8,7.6,0.0,1627,81,0,0,253,1447,159,834,0.73,0,0,2.6,0.02,0.037,0.043,0,168,"1 fruit,  (2-1/2"" dia)",,,16
9265,"PERSIMMONS,NATIVE,RAW",64.4,127,0.8,0.4,0.9,33.5,,,27,2.5,,26,310,1,,,,,66,,,,,,,,,,,0.0,,,,,,,,,,,,,,,,0,25,"1 fruit, without refuse",,,18
9266,"PINEAPPLE,RAW,ALL VAR",86.0,50,0.54,0.12,0.22,13.12,1.4,9.85,13,0.29,12,8,109,1,0.12,0.11,0.927,0.1,47.8,0.079,0.032,0.5,0.213,0.112,18,0,18,18,5.5,0.0,58,3,0,0,35,0,0,0,0.02,0,0,0.7,0.009,0.013,0.04,0,165,"1 cup, chunks",905,1 fruit,49
9277,"PLANTAINS,RAW",65.28,122,1.3,0.37,1.17,31.89,2.3,15,3,0.6,37,34,499,4,0.14,0.081,,1.5,18.4,0.052,0.054,0.686,0.26,0.299,22,0,22,22,13.5,0.0,1127,56,0,438,457,0,0,30,0.14,0,0,0.7,0.143,0.032,0.069,0,148,"1 cup, sliced",179,1 medium,35
9279,"PLUMS,RAW",87.23,46,0.7,0.28,0.37,11.42,1.4,9.92,6,0.17,7,16,157,0,0.1,0.057,0.052,0,9.5,0.028,0.026,0.417,0.135,0.029,5,0,5,5,1.9,0.0,345,17,0,0,190,35,0,73,0.26,0,0,6.4,0.017,0.134,0.044,0,165,"1 cup, sliced",66,"1 fruit,  (2-1/8"" dia)",6
9286,"POMEGRANATES,RAW",77.93,83,1.67,1.17,0.53,18.7,4,13.67,10,0.3,12,36,236,3,0.35,0.158,0.119,0.5,10.2,0.067,0.053,0.293,0.377,0.075,38,0,38,38,7.6,0.0,0,0,0,0,0,0,0,0,0.6,0,0,16.4,0.12,0.093,0.079,0,87,".5 cup, arils (seed/juice sacs)",282,"1 pomegranate,  (4"" dia)",44
9295,"PUMMELO,RAW",89.1,38,0.76,0.04,0.48,9.62,1,,4,0.11,6,17,216,1,0.08,0.048,0.017,,61,0.034,0.027,0.22,,0.036,,,,,,0.0,8,0,0,0,0,10,,,,,,,,,,0,190,"1 cup, sections",609,"1 fruit, without refuse",44
9297,"RAISINS,GOLDEN SEEDLESS",14.97,302,3.39,0.46,1.66,79.52,4,59.19,53,1.79,35,115,746,12,0.32,0.363,0.308,0.7,3.2,0.008,0.191,1.142,0.14,0.323,3,0,3,3,11.1,0.0,0,0,0,0,0,0,0,0,0.12,0,0,3.5,0.151,0.019,0.135,0,165,"1 cup,  packed",145,"1 cup,  (not packed)",0
9298,"RAISINS,SEEDLESS",15.43,299,3.07,0.46,1.85,79.18,3.7,59.19,50,1.88,32,101,749,11,0.22,0.318,0.299,0.6,2.3,0.106,0.125,0.766,0.095,0.174,5,0,5,5,11.1,0.0,0,0,0,0,0,0,0,0,0.12,0,0,3.5,0.058,0.051,0.037,0,165,"1 cup,  packed",145,"1 cup,  (not packed)",0
9299,"RAISINS,SEEDED",16.57,296,2.52,0.54,1.89,78.47,6.8,,28,2.59,30,75,825,28,0.18,0.302,0.267,0.6,5.4,0.112,0.182,1.114,0.045,0.188,3,0,3,3,,0.0,0,0,0,,,,,,,0,0,,0.178,0.022,0.159,0,165,"1 cup,  packed",145,"1 cup,  (not packed)",0
9302,"RASPBERRIES,RAW",85.75,52,1.2,0.65,0.46,11.94,6.5,4.42,25,0.69,22,29,151,1,0.42,0.09,0.67,0.2,26.2,0.032,0.038,0.598,0.329,0.055,21,0,21,21,12.3,0.0,33,2,0,16,12,0,0,136,0.87,0,0,7.8,0.019,0.064,0.375,0,123,1 cup,312,"1 pint,  as purchased, yields",4
9307,"RHUBARB,RAW",93.61,21,0.9,0.2,0.76,4.54,1.8,1.1,86,0.22,12,14,288,4,0.1,0.021,0.196,1.1,8,0.02,0.03,0.3,0.085,0.024,7,0,7,7,6.1,0.0,102,5,0,0,61,0,0,170,0.27,0,0,29.3,0.053,0.039,0.099,0,122,"1 cup, diced",51,1 stalk,25
9316,"STRAWBERRIES,RAW",90.95,32,0.67,0.3,0.4,7.68,2,4.89,16,0.41,13,24,153,1,0.14,0.048,0.386,0.4,58.8,0.024,0.022,0.386,0.125,0.047,24,0,24,24,5.7,0.0,12,1,0,0,7,0,0,26,0.29,0,0,2.2,0.015,0.043,0.155,0,152,"1 cup,  halves",232,"1 cup, pureed",6
9326,"WATERMELON,RAW",91.45,30,0.61,0.15,0.25,7.55,0.4,6.2,7,0.24,10,11,112,1,0.1,0.042,0.038,0.4,8.1,0.033,0.021,0.178,0.221,0.045,3,0,3,3,4.1,0.0,569,28,0,0,303,78,4532,8,0.05,0,0,0.1,0.016,0.037,0.05,0,154,"1 cup, balls",152,"1 cup, diced",48
9340,"PEARS,ASIAN,RAW",88.25,42,0.5,0.23,0.37,10.65,3.6,7.05,4,0,8,11,121,0,0.02,0.05,0.06,0.1,3.8,0.009,0.01,0.219,0.07,0.022,8,0,8,8,5.1,0.0,0,0,0,0,0,0,0,50,0.12,0,0,4.5,0.012,0.049,0.055,0,122,"1 fruit,  2-1/4"" high x 2-1/2"" dia",275,"1 fruit,  3-3/8"" high x 3"" diameter",9
9413,"PEARS,RAW,RED ANJOU",84.24,62,0.33,0.14,0.35,14.94,3,9.54,11,0.19,7,13,123,1,0.13,0.07,0.056,0.1,5.2,0.012,0.028,0.162,0.053,0.039,7,,7,,5.1,,24,1,,0,14,1,0,53,0.12,,,4.9,,,,,126,1 small,157,1 medium,11
9414,"PEARS,RAW,BOSC",83.18,67,0.36,0.09,0.28,16.1,3.1,10.23,10,0.15,7,14,122,1,0.13,0.104,0.047,0,2.8,0.012,0.023,0.152,0.057,0.021,7,,7,,5.1,,19,1,,0,11,0,0,11,0.12,,,5.2,,,,,140,"1 cup, sliced",159,1 small,10
9415,"PEARS,RAW,GRN ANJOU",83.31,66,0.44,0.1,0.37,15.79,3.1,9.73,11,0.24,7,13,127,1,0.1,0.077,0.048,0,4.4,0.01,0.022,0.151,0.043,0.026,9,,9,,5.1,,25,1,,0,14,1,0,46,0.12,,,4.3,,,,,140,"1 cup, sliced",172,1 small,10
9421,"DATES,MEDJOOL",21.32,277,1.81,0.15,1.74,74.97,6.7,66.47,64,0.9,54,62,696,1,0.44,0.362,0.296,,0,0.05,0.06,1.61,0.805,0.249,15,0,15,15,9.9,,149,7,,0,89,0,0,23,,0,0,2.7,,,,,24,"1 date, pitted",,,8
9423,PRUNE PUREE,30.0,257,2.1,0.2,2.6,65.1,3.3,39,31,2.8,,72,852,23,,,,,4.3,0.04,,2.5,0.43,,,,,,,,2000,100,0,,,,,,,,,,0.016,,,0,36,2 tbsp,,,0
9429,"PINEAPPLE,RAW,TRADITIONAL VAR",87.24,45,0.55,0.13,0.27,11.82,,8.29,13,0.25,12,9,125,1,0.08,0.081,1.593,0,16.9,0.078,0.029,0.47,0.193,0.106,11,,11,,5.6,,52,3,,0,31,0,0,0,,0,0,0.7,,,,,165,"1 cup, chunks",175,"1 slice,  (4-2/3"" dia x 3/4"" thick)",42
9430,"PINEAPPLE,RAW,EX SWT VAR",85.66,51,0.53,0.11,0.2,13.5,1.4,10.32,13,0.28,12,8,108,1,0.12,0.113,0.818,0.1,56.4,0.08,0.033,0.507,0.217,0.114,19,0,19,19,5.4,,57,3,,0,34,0,0,0,0.02,0,0,0.7,,,,,165,"1 cup, chunks",166,"1 slice,  (4-2/3"" dia x 3/4"" thick)",49
9433,"CLEMENTINES,RAW",86.58,47,0.85,0.15,0.4,12.02,1.7,9.18,30,0.14,10,21,177,1,0.06,0.043,0.023,0.1,48.8,0.086,0.03,0.636,0.151,0.075,24,0,24,24,14,,,,,,,,,,0.2,0,0,0,,,,,74,1 fruit,,,23
9500,"APPLES,RAW,RED DELICIOUS,W/ SKN",85.33,59,0.27,0.2,0.14,14.06,2.3,10.48,6,0.11,5,12,104,1,0.04,0.027,0.034,0,,0.015,0.025,0.075,0.051,0.034,3,,3,,3.4,,55,3,,0,27,12,0,31,0.24,,,2.6,,,,,109,"1 cup, sliced",260,1 large,11
9501,"APPLES,RAW,GOLDEN DELICIOUS,W/ SKN",85.81,57,0.28,0.15,0.16,13.6,2.4,10.04,6,0.13,5,10,100,2,0.04,0.03,0.035,0,,0.018,0.026,0.094,0.074,0.051,3,,3,,5.1,,51,3,,0,25,12,0,28,0.18,,,1.8,,,,,109,"1 cup, sliced",215,1 large,10
9502,"APPLES,RAW,GRANNY SMITH,W/ SKN",85.46,58,0.44,0.19,0.29,13.61,2.8,9.59,5,0.15,5,12,120,1,0.04,0.031,0.044,0.1,,0.019,0.025,0.126,0.056,0.037,3,,3,,3.4,,100,5,,0,59,2,0,64,0.18,,,3.2,,,,,109,"1 cup, sliced",206,1 large,11
9503,"APPLES,RAW,GALA,W/ SKN",85.76,57,0.25,0.12,0.2,13.68,2.3,10.37,7,0.12,5,11,108,1,0.05,0.021,0.037,0,,0.017,0.029,0.075,0.055,0.049,3,,3,,3.4,,28,1,,0,11,11,0,11,0.18,,,1.3,,,,,109,"1 cup, sliced",200,1 large,9
9504,"APPLES,RAW,FUJI,W/ SKN",84.16,63,0.2,0.18,0.24,15.22,2.1,11.68,7,0.1,5,13,109,1,0.04,0.025,0.031,0,,0.013,0.026,0.07,0.051,0.045,3,,3,,3.4,,38,2,,0,17,11,0,11,0.18,,,1,,,,,109,"1 cup, sliced",236,1 large,11
9520,"KIWIFRUIT,ZESPRI SUNGOLD,RAW",82.44,63,1.02,0.28,0.47,15.79,1.4,12.3,17,0.21,12,25,315,3,0.08,0.151,0.048,0.4,161.3,0.0,0.074,0.231,0.12,0.079,31,0,31,31,1.9,0.08,23,1,0,0,14,,0,24,1.4,0,0,6.1,0.065,0.023,0.111,0,81,1 fruit,,,28
11001,"ALFALFA SEEDS,SPROUTED,RAW",92.82,23,3.99,0.69,0.4,2.1,1.9,0.2,32,0.96,27,70,79,6,0.92,0.157,0.188,0.6,8.2,0.076,0.126,0.481,0.563,0.034,36,0,36,36,14.4,0.0,155,8,0,6,87,6,0,0,0.02,0,0,30.5,0.069,0.056,0.409,0,33,1 cup,3,1 tbsp,0
11007,"ARTICHOKES,(GLOBE OR FRENCH),RAW",84.94,47,3.27,0.15,1.13,10.51,5.4,0.99,44,1.28,60,90,370,94,0.49,0.231,0.256,0.2,11.7,0.072,0.066,1.046,0.338,0.116,68,0,68,68,34.4,0.0,13,1,0,0,8,0,0,464,0.19,0,0,14.8,0.036,0.005,0.064,0,128,"1 artichoke,  medium",162,"1 artichoke,  large",60
11011,"ASPARAGUS,RAW",93.22,20,2.2,0.12,0.58,3.88,2.1,1.88,24,2.14,14,52,202,2,0.54,0.189,0.158,2.3,5.6,0.143,0.141,0.978,0.274,0.091,52,0,52,52,16,0.0,756,38,0,9,449,0,0,710,1.13,0,0,41.6,0.04,0.0,0.05,0,134,1 cup,12,"1 spear,  small (5"" long or less)",47
11043,"MUNG BNS,MATURE SEEDS,SPROUTED,RAW",90.4,30,3.04,0.18,0.44,5.94,1.8,4.13,13,0.91,21,54,149,6,0.41,0.164,0.188,0.6,13.2,0.084,0.124,0.749,0.38,0.088,61,0,61,61,14.4,0.0,21,1,0,6,6,6,0,0,0.1,0,0,33,0.046,0.022,0.058,0,104,1 cup,340,"1 package,  (12 oz)",0
11046,"BEANS,NAVY,MATURE SEEDS,SPROUTED,RAW",79.15,67,6.15,0.7,0.95,13.05,,,15,1.93,101,100,307,13,0.89,0.356,0.408,0.6,18.8,0.39,0.215,1.22,0.825,0.191,132,0,132,132,,0.0,4,0,0,,,,,,,0,0,,0.085,0.052,0.407,0,104,1 cup,,,0
11052,"BEANS,SNAP,GREEN,RAW",90.32,31,1.83,0.22,0.66,6.97,2.7,3.26,37,1.03,25,38,211,6,0.24,0.069,0.216,0.6,12.2,0.082,0.104,0.734,0.225,0.141,33,0,33,33,15.3,0.0,690,35,0,69,379,0,0,640,0.41,0,0,43,0.05,0.01,0.113,0,100,"1 cup, 1/2"" pieces",55,"10 beans,  (4"" long)",12
11063,"BEANS,SNAP,GRN,MICROWAVED",90.04,39,2.31,0.5,0.74,6.41,3.4,3.22,55,0.83,28,49,323,3,0.38,0.09,0.332,,7.3,0.078,0.075,0.773,0.3,0.124,47,,47,,,,,,,,,,,,,,,,,,,,116,"1 cup, 1/2"" pieces",,,0
11080,"BEETS,RAW",87.58,43,1.61,0.17,1.08,9.56,2.8,6.76,16,0.8,23,40,325,78,0.35,0.075,0.329,0.7,4.9,0.031,0.04,0.334,0.155,0.067,109,0,109,109,6,0.0,33,2,0,0,20,0,0,0,0.04,0,0,0.2,0.027,0.032,0.06,0,136,1 cup,82,"1 beet,  (2"" dia)",33
11086,"BEET GREENS,RAW",91.02,22,2.2,0.13,2.33,4.33,3.7,0.5,117,2.57,70,41,762,226,0.38,0.191,0.391,0.9,30,0.1,0.22,0.4,0.25,0.106,15,0,15,15,0.4,0.0,6326,316,0,3,3794,0,0,1503,1.5,0,0,400,0.02,0.026,0.046,0,38,1 cup,32,1 leaf,44
11090,"BROCCOLI,RAW",89.3,34,2.82,0.37,0.87,6.64,2.6,1.7,47,0.73,21,66,316,33,0.41,0.049,0.21,2.5,89.2,0.071,0.117,0.639,0.573,0.175,63,0,63,63,18.7,0.0,623,31,0,25,361,1,0,1403,0.78,0,0,101.6,0.039,0.011,0.038,0,91,"1 cup, chopped",608,1 bunch,39
11096,"BROCCOLI RAAB,RAW",92.55,22,3.17,0.49,0.93,2.85,2.7,0.38,108,2.14,22,73,196,33,0.77,0.042,0.395,1,20.2,0.162,0.129,1.221,0.322,0.171,83,0,83,83,18.3,0.0,2622,131,0,0,1573,0,0,1121,1.62,0,0,224,0.05,0.026,0.13,0,40,"1 cup, chopped",19,1 stalk,0
11098,"BRUSSELS SPROUTS,RAW",86.0,43,3.38,0.3,1.37,8.95,3.8,2.2,42,1.4,23,69,389,25,0.42,0.07,0.337,1.6,85,0.139,0.09,0.745,0.309,0.219,61,0,61,61,19.1,0.0,754,38,0,6,450,0,0,1590,0.88,0,0,177,0.062,0.023,0.153,0,88,1 cup,19,1 sprout,10
11109,"CABBAGE,RAW",92.18,25,1.28,0.1,0.64,5.8,2.5,3.2,40,0.47,12,26,170,18,0.18,0.019,0.16,0.3,36.6,0.061,0.04,0.234,0.212,0.124,43,0,43,43,10.7,0.0,98,5,0,33,42,0,0,30,0.15,0,0,76,0.034,0.017,0.017,0,89,"1 cup, chopped",70,"1 cup, shredded",20
11112,"CABBAGE,RED,RAW",90.39,31,1.43,0.16,0.64,7.37,2.1,3.83,45,0.8,16,30,243,27,0.22,0.017,0.243,0.6,57,0.064,0.069,0.418,0.147,0.209,18,0,18,18,17.1,0.0,1116,56,0,0,670,0,20,329,0.11,0,0,38.2,0.021,0.012,0.08,0,89,"1 cup, chopped",70,"1 cup, shredded",20
11114,"CABBAGE,SAVOY,RAW",91.0,27,2.0,0.1,0.8,6.1,3.1,2.27,35,0.4,28,42,230,28,0.27,0.062,0.18,0.9,31,0.07,0.03,0.3,0.187,0.19,80,0,80,80,12.3,0.0,1000,50,0,0,600,0,0,77,0.17,0,0,68.8,0.013,0.007,0.049,0,70,"1 cup, shredded",,,20
11116,"CABBAGE,CHINESE (PAK-CHOI),RAW",95.32,13,1.5,0.2,0.8,2.18,1,1.18,105,0.8,19,37,252,65,0.19,0.021,0.159,0.5,45,0.04,0.07,0.5,0.088,0.194,66,0,66,66,6.4,0.0,4468,223,0,1,2681,0,0,40,0.09,0,0,45.5,0.027,0.015,0.096,0,70,"1 cup, shredded",840,1 head,12
11118,"CABBAGE,KIMCHI",94.3,15,1.1,0.5,1.7,2.4,1.6,1.06,33,2.5,14,24,151,498,0.22,0.024,,0.5,0,0.01,0.21,1.1,,0.213,52,0,52,52,15.5,0.0,93,5,0,1,55,0,0,49,0.11,0,0,43.6,0.067,0.037,0.241,0,150,1 cup,,,0
11119,"CABBAGE,CHINESE (PE-TSAI),RAW",94.39,16,1.2,0.2,0.98,3.23,1.2,1.41,77,0.31,13,29,238,9,0.23,0.036,0.19,0.6,27,0.04,0.05,0.4,0.105,0.232,79,0,79,79,7.6,0.0,318,16,0,1,190,0,0,48,0.12,0,0,42.9,0.043,0.023,0.072,0,76,"1 cup, shredded",,,7
11124,"CARROTS,RAW",88.29,41,0.93,0.24,0.97,9.58,2.8,4.74,33,0.3,12,35,320,69,0.24,0.045,0.143,0.1,5.9,0.066,0.058,0.983,0.273,0.138,19,0,19,19,8.8,0.0,16706,835,0,3477,8285,0,1,256,0.66,0,0,13.2,0.037,0.014,0.117,0,128,"1 cup, chopped",110,"1 cup, grated",11
11141,"CELERIAC,RAW",88.0,42,1.5,0.3,1,9.2,1.8,1.6,43,0.7,20,115,300,100,0.33,0.07,0.158,0.7,8,0.05,0.06,0.7,0.352,0.165,8,0,8,8,9,0.0,0,0,0,0,0,0,0,1,0.36,0,0,41,0.079,0.058,0.148,0,156,1 cup,,,14
11143,"CELERY,RAW",95.43,16,0.69,0.17,0.75,2.97,1.6,1.34,40,0.2,11,24,260,80,0.13,0.035,0.103,0.4,3.1,0.021,0.057,0.32,0.246,0.074,36,0,36,36,6.1,0.0,449,22,0,0,270,0,0,283,0.27,0,0,29.3,0.042,0.032,0.079,0,101,"1 cup, chopped",110,1 NLEA serving,11
11147,"CHARD,SWISS,RAW",92.66,19,1.8,0.2,1.6,3.74,1.6,1.1,51,1.8,81,46,379,213,0.36,0.179,0.366,0.9,30,0.04,0.09,0.4,0.172,0.099,14,0,14,14,18,0.0,6116,306,0,45,3647,0,0,11000,1.89,0,0,830,0.03,0.04,0.07,0,36,1 cup,48,1 leaf,8
11152,"CHICORY GREENS,RAW",92.0,23,1.7,0.3,1.3,4.7,4,0.7,100,0.9,30,47,420,45,0.42,0.295,0.429,0.3,24,0.06,0.1,0.5,1.159,0.105,110,0,110,110,12.8,0.0,5717,286,0,0,3430,0,0,10300,2.26,0,0,297.6,0.073,0.006,0.131,0,29,"1 cup, chopped",,,18
11154,"CHICORY ROOTS,RAW",80.0,72,1.4,0.2,0.89,17.51,1.5,8.73,41,0.8,22,61,290,50,0.33,0.077,0.233,0.7,5,0.04,0.03,0.4,0.323,0.241,23,0,23,23,,0.0,6,0,0,,,,,,,0,0,,0.048,0.004,0.087,0,60,1 root,45,".5 cup,  (1"" pieces)",18
11156,"CHIVES,RAW",90.65,30,3.27,0.73,1,4.35,2.5,1.85,92,1.6,42,58,296,3,0.56,0.157,0.373,0.9,58.1,0.078,0.115,0.647,0.324,0.138,105,0,105,105,5.2,0.0,4353,218,0,0,2612,0,0,323,0.21,0,0,212.7,0.146,0.095,0.267,0,3,"1 tbsp, chopped",1,"1 tsp, chopped",0
11203,"CRESS,GARDEN,RAW",89.4,32,2.6,0.7,1.8,5.5,1.1,4.4,81,1.3,38,76,606,14,0.23,0.17,0.553,0.9,69,0.08,0.26,1.0,0.242,0.247,80,0,80,80,19.5,0.0,6917,346,0,0,4150,0,0,12500,0.7,0,0,541.9,0.023,0.239,0.228,0,50,1 cup,1,1 sprig,29
11207,"DANDELION GREENS,RAW",85.6,45,2.7,0.7,1.8,9.2,3.5,0.71,187,3.1,36,66,397,76,0.41,0.171,0.342,0.5,35,0.19,0.26,0.806,0.084,0.251,27,0,27,27,35.3,0.0,10161,508,0,363,5854,121,0,13610,3.44,0,0,778.4,0.17,0.014,0.306,0,55,"1 cup, chopped",,,0
11209,"EGGPLANT,RAW",92.3,25,0.98,0.18,0.66,5.88,3,3.53,9,0.23,14,24,229,2,0.16,0.081,0.232,0.3,2.2,0.039,0.037,0.649,0.281,0.084,22,0,22,22,6.9,0.0,23,1,0,0,14,0,0,36,0.3,0,0,3.5,0.034,0.016,0.076,0,82,"1 cup, cubes",458,"1 eggplant, peeled (yield from 1-1/4 lb)",19
11213,"ENDIVE,RAW",93.79,17,1.25,0.2,1.41,3.35,3.1,0.25,52,0.83,15,28,314,22,0.79,0.099,0.42,0.2,6.5,0.08,0.075,0.4,0.9,0.02,142,0,142,142,16.8,0.0,2167,108,0,0,1300,0,0,0,0.44,0,0,231,0.048,0.004,0.087,0,25,".5 cup, chopped",513,1 head,14
11215,"GARLIC,RAW",58.58,149,6.36,0.5,1.5,33.06,2.1,1,181,1.7,25,153,401,17,1.16,0.299,1.672,14.2,31.2,0.2,0.11,0.7,0.596,1.235,3,0,3,3,23.2,0.0,9,0,0,0,5,0,0,16,0.08,0,0,1.7,0.089,0.011,0.249,0,136,1 cup,2.8,1 tsp,13
11216,"GINGER ROOT,RAW",78.89,80,1.82,0.75,0.77,17.77,2,1.7,16,0.6,43,34,415,13,0.34,0.226,0.229,0.7,5,0.025,0.034,0.75,0.203,0.16,11,0,11,11,28.8,0.0,0,0,0,0,0,0,0,0,0.26,0,0,0.1,0.203,0.154,0.154,0,2,1 tsp,24,".25 cup, slices (1"" dia)",7
11226,"JERUSALEM-ARTICHOKES,RAW",78.01,73,2.0,0.01,2.54,17.44,1.6,9.6,14,3.4,17,78,429,4,0.12,0.14,0.06,0.7,4,0.2,0.06,1.3,0.397,0.077,13,0,13,13,30,0.0,20,1,0,0,12,0,0,0,0.19,0,0,0.1,0.0,0.004,0.001,0,150,"1 cup, slices",,,31
11233,"KALE,RAW",84.04,49,4.28,0.93,2.01,8.75,3.6,2.26,150,1.47,47,92,491,38,0.56,1.499,0.659,0.9,120,0.11,0.13,1.0,0.091,0.271,141,0,141,141,0.8,0.0,9990,500,0,54,5927,81,0,8198,1.54,0,0,704.8,0.091,0.052,0.338,0,16,"1 cup, 1"" pieces, loosely packed",,,28
11238,"MUSHROOMS,SHIITAKE,RAW",89.74,34,2.24,0.49,0.73,6.79,2.5,2.38,2,0.41,20,112,304,9,1.03,0.142,0.23,5.7,,0.015,0.217,3.877,1.5,0.293,13,0,13,13,,,,,,,,,,,,0.4,18,,,,,,19,"1 piece, whole",,,0
11241,"KOHLRABI,RAW",91.0,27,1.7,0.1,1,6.2,3.6,2.6,24,0.4,19,46,350,20,0.03,0.129,0.139,0.7,62,0.05,0.02,0.4,0.165,0.15,16,0,16,16,12.3,0.0,36,2,0,0,22,0,0,0,0.48,0,0,0.1,0.013,0.007,0.048,0,135,1 cup,16,1 slice,54
11243,"MUSHROOMS,PORTABELLA,GRILLED",90.66,29,3.28,0.58,1.05,4.44,2.2,2.26,3,0.4,13,135,437,11,0.65,0.389,0.067,21.9,0,0.072,0.403,6.255,1.262,0.122,19,0,19,19,32.8,0.0,0,0,0,0,0,0,0,0,0,0.3,14,0,0.064,0.009,0.232,0,121,"1 cup, sliced",,,0
11246,"LEEKS,(BULB&LOWER LEAF-PORTION),RAW",83.0,61,1.5,0.3,1.05,14.15,1.8,3.9,59,2.1,28,35,180,20,0.12,0.12,0.481,1,12,0.06,0.03,0.4,0.14,0.233,64,0,64,64,9.5,0.0,1667,83,0,0,1000,0,0,1900,0.92,0,0,47,0.04,0.004,0.166,0,89,1 cup,89,1 leek,56
11248,"LENTILS,SPROUTED,RAW",67.34,106,8.96,0.55,1,22.14,,,25,3.21,37,173,322,11,1.51,0.352,0.506,0.6,16.5,0.228,0.128,1.128,0.578,0.19,100,0,100,100,,0.0,45,2,0,,,,,,,0,0,,0.057,0.104,0.219,0,77,1 cup,,,0
11250,"LETTUCE,BUTTERHEAD (INCL BOSTON&BIBB TYPES),RAW",95.63,13,1.35,0.22,0.57,2.23,1.1,0.94,35,1.24,13,33,238,5,0.2,0.016,0.179,0.6,3.7,0.057,0.062,0.357,0.15,0.082,73,0,73,73,8.4,0.0,3312,166,0,0,1987,0,0,1223,0.18,0,0,102.3,0.029,0.008,0.117,0,55,"1 cup, shredded or chopped",163,"1 head,  (5"" dia)",26
11251,"LETTUCE,COS OR ROMAINE,RAW",94.61,17,1.23,0.3,0.58,3.29,2.1,1.19,33,0.97,14,30,247,8,0.23,0.048,0.155,0.4,4,0.072,0.067,0.313,0.142,0.074,136,0,136,136,9.9,0.0,8710,436,0,0,5226,0,0,2312,0.13,0,0,102.5,0.039,0.012,0.16,0,47,"1 cup, shredded",6,"1 leaf, inner",6
11252,"LETTUCE,ICEBERG (INCL CRISPHEAD TYPES),RAW",95.64,14,0.9,0.14,0.36,2.97,1.2,1.97,18,0.41,7,20,141,10,0.15,0.025,0.125,0.1,2.8,0.041,0.025,0.123,0.091,0.042,29,0,29,29,6.7,0.0,502,25,0,4,299,0,0,277,0.18,0,0,24.1,0.018,0.006,0.074,0,72,"1 cup, shredded",57,"1 cup, chopped (1/2"" pieces, loosely packed)",5
11253,"LETTUCE,GRN LEAF,RAW",94.98,15,1.36,0.15,0.62,2.87,1.3,0.78,36,0.86,13,29,194,28,0.18,0.029,0.25,0.6,9.2,0.07,0.08,0.375,0.134,0.09,38,0,38,38,13.6,0.0,7405,370,0,0,4443,0,0,1730,0.22,0,0,126.3,0.02,0.006,0.082,0,36,"1 cup, shredded",360,1 head,36
11257,"LETTUCE,RED LEAF,RAW",95.64,16,1.33,0.22,0.55,2.26,0.9,0.48,33,1.2,12,28,187,25,0.2,0.028,0.203,1.5,3.7,0.064,0.077,0.321,0.144,0.1,36,0,36,36,11.8,0.0,7492,375,0,0,4495,0,0,1724,0.15,0,0,140.3,0.017,0.005,0.072,0,28,"1 cup, shredded",2.6,"1 leaf, inner",20
11260,"MUSHROOMS,WHITE,RAW",92.45,22,3.09,0.34,0.85,3.26,1,1.98,3,0.5,9,86,318,5,0.52,0.318,0.047,9.3,2.1,0.081,0.402,3.607,1.497,0.104,17,0,17,17,17.3,0.04,0,0,0,0,0,0,0,0,0.01,0.2,7,0,0.05,0.0,0.16,0,70,"1 cup, pieces or slices",96,"1 cup, whole",3
11265,"MUSHROOMS,PORTABELLA,RAW",92.82,22,2.11,0.35,0.85,3.87,1.3,2.5,3,0.31,,108,364,9,0.53,0.286,0.069,18.6,0,0.059,0.13,4.494,1.14,0.148,28,0,28,28,21.2,0.05,0,0,0,0,0,0,0,0,0.02,0.3,10,0,0.06,0.02,0.117,0,86,"1 cup, diced",84,"1 piece, whole",3
11266,"MUSHROOMS,BROWN,ITALIAN,OR CRIMINI,RAW",92.12,22,2.5,0.1,0.98,4.3,0.6,1.72,18,0.4,9,120,448,6,1.1,0.5,0.142,26,0,0.095,0.49,3.8,1.5,0.11,25,0,25,25,22.1,0.1,0,0,0,0,0,0,0,0,0.01,0.1,3,0,0.014,0.002,0.042,0,87,"1 cup, whole",72,"1 cup, sliced",3
11278,"OKRA,RAW",89.58,33,1.93,0.19,0.86,7.45,3.2,1.48,82,0.62,57,61,299,7,0.58,0.109,0.788,0.7,23,0.2,0.06,1.0,0.245,0.215,60,0,60,60,12.3,0.0,716,36,0,27,416,0,0,280,0.27,0,0,31.3,0.026,0.017,0.027,0,100,1 cup,95,"8 pods,  (3"" long)",14
11282,"ONIONS,RAW",89.11,40,1.1,0.1,0.35,9.34,1.7,4.24,23,0.21,10,29,146,4,0.17,0.039,0.129,0.5,7.4,0.046,0.027,0.116,0.123,0.12,19,0,19,19,6.1,0.0,2,0,0,0,1,0,0,4,0.02,0,0,0.4,0.042,0.013,0.017,0,160,"1 cup, chopped",115,"1 cup, sliced",10
11291,"ONIONS,SPRING OR SCALLIONS (INCL TOPS&BULB),RAW",89.83,32,1.83,0.19,0.81,7.34,2.6,2.33,72,1.48,20,37,276,16,0.39,0.083,0.16,0.6,18.8,0.055,0.08,0.525,0.075,0.061,64,0,64,64,5.7,0.0,997,50,0,0,598,0,0,1137,0.55,0,0,207,0.032,0.027,0.074,0,100,"1 cup, chopped",6,"1 tbsp, chopped",4
11292,"ONIONS,YOUNG GRN,TOPS ONLY",92.32,27,0.97,0.47,0.51,5.74,1.8,3.91,52,0.51,16,25,159,15,0.2,0.031,0.15,0.5,13.4,0.03,0.026,0.33,0.138,0.088,30,0,30,30,4.3,0.0,4000,200,0,0,2400,0,0,858,0.21,0,0,156.3,0.087,0.022,0.064,0,6,1 tbsp,12,1 stalk,0
11293,"ONIONS,WELSH,RAW",90.5,34,1.9,0.4,0.7,6.5,2.4,2.18,18,1.22,23,49,212,17,0.52,0.07,0.137,0.6,27,0.05,0.09,0.4,0.169,0.072,16,0,16,16,5.3,0.0,1160,,0,,,,,,0.51,0,0,193.4,0.067,0.056,0.156,0,,,,,35
11294,"ONIONS,SWT,RAW",91.24,32,0.8,0.08,0.34,7.55,0.9,5.02,20,0.26,9,27,119,8,0.13,0.056,0.076,0.5,4.8,0.041,0.02,0.133,0.098,0.13,23,,23,,5.5,,1,0,,0,1,0,0,6,0.02,0,0,0.3,,,,0,148,1 NLEA serving,331,1 onion,16
11297,"PARSLEY,FRSH",87.71,36,2.97,0.79,2.2,6.33,3.3,0.85,138,6.2,50,58,554,56,1.07,0.149,0.16,0.1,133,0.086,0.098,1.313,0.4,0.09,152,0,152,152,12.8,0.0,8424,421,0,0,5054,0,0,5561,0.75,0,0,1640,0.132,0.295,0.124,0,60,"1 cup, chopped",3.8,1 tbsp,5
11298,"PARSNIPS,RAW",79.53,75,1.2,0.3,0.98,17.99,4.9,4.8,36,0.59,29,71,375,10,0.59,0.12,0.56,1.8,17,0.09,0.05,0.7,0.6,0.09,67,0,67,67,,0.0,0,0,0,0,0,0,0,0,1.49,0,0,22.5,0.05,0.112,0.047,0,133,"1 cup, slices",,,15
11300,"PEAS,EDIBLE-PODDED,RAW",88.89,42,2.8,0.2,0.56,7.55,2.6,4,43,2.08,24,53,200,4,0.27,0.079,0.244,0.7,60,0.15,0.08,0.6,0.75,0.16,42,0,42,42,17.4,0.0,1087,54,0,44,630,0,0,740,0.39,0,0,25,0.039,0.021,0.089,0,98,"1 cup, chopped",63,"1 cup, whole",6
11304,"PEAS,GREEN,RAW",78.86,81,5.42,0.4,0.87,14.45,5.7,5.67,25,1.47,33,108,244,5,1.24,0.176,0.41,1.8,40,0.266,0.132,2.09,0.104,0.169,65,0,65,65,28.4,0.0,765,38,0,21,449,0,0,2477,0.13,0,0,24.8,0.071,0.035,0.187,0,145,1 cup,,,62
11316,"PEAS,MATURE SEEDS,SPROUTED,RAW",62.27,124,8.8,0.68,1.14,27.11,,,36,2.26,56,165,381,20,1.05,0.272,0.438,0.6,10.4,0.225,0.155,3.088,1.029,0.265,144,0,144,144,,0.0,166,,,,,,,,,0,0,,0.124,0.061,0.326,0,120,1 cup,,,0
11333,"PEPPERS,SWT,GRN,RAW",93.89,20,0.86,0.17,0.43,4.64,1.7,2.4,10,0.34,10,20,175,3,0.13,0.066,0.122,0,80.4,0.057,0.028,0.48,0.099,0.224,10,0,10,10,5.5,0.0,370,18,0,21,208,7,0,341,0.37,0,0,7.4,0.058,0.008,0.062,0,149,"1 cup, chopped",92,"1 cup, sliced",18
11352,"POTATOES,FLESH & SKN,RAW",79.25,77,2.05,0.09,1.11,17.49,2.1,0.82,12,0.81,23,57,425,6,0.3,0.11,0.153,0.4,19.7,0.081,0.032,1.061,0.295,0.298,15,0,15,15,12.1,0.0,2,0,0,0,1,0,0,9,0.01,0,0,2,0.025,0.002,0.042,0,75,".5 cup, diced",369,"1 Potato, large (3"" to 4-1/4"" dia)",25
11353,"POTATOES,RUSSET,FLESH & SKN,RAW",78.58,79,2.14,0.08,1.13,18.07,1.3,0.62,13,0.86,23,55,417,5,0.29,0.103,0.157,0.4,5.7,0.082,0.033,1.035,0.301,0.345,14,0,14,14,12.6,0.0,1,0,0,0,0,0,0,5,0.01,0,0,1.8,0.026,0.002,0.043,0,75,".5 cup, diced",369,"1 potato, large (3"" to 4-1/4"" dia)",25
11354,"POTATOES,WHITE,FLESH & SKN,RAW",81.58,69,1.68,0.1,0.94,15.71,2.4,1.15,9,0.52,21,62,407,16,0.29,0.116,0.145,0.3,9.1,0.071,0.034,1.066,0.281,0.203,18,0,18,18,11,0.0,8,0,0,0,5,0,0,13,0.01,0,0,1.6,0.026,0.002,0.043,0,75,".5 cup, diced",369,"1 large,  (3"" to 4-1/4"" dia.)",25
11355,"POTATOES,RED,FLESH & SKN,RAW",80.96,70,1.89,0.14,1.1,15.9,1.7,1.29,10,0.73,22,61,455,18,0.33,0.134,0.141,0.5,8.6,0.081,0.031,1.149,0.279,0.17,18,0,18,18,16.4,0.0,7,0,0,0,4,0,0,21,0.01,0,0,2.9,0.035,0.003,0.059,0,75,".5 cup, diced",369,"1 potato, large (3"" to 4-1/4"" dia)",25
11356,"POTATOES,RUSSET,FLESH & SKN,BKD",74.45,97,2.63,0.13,1.35,21.44,2.3,1.08,18,1.07,30,71,550,14,0.35,0.107,0.228,0.5,8.3,0.067,0.048,1.348,0.38,0.354,26,0,26,26,15,0.0,10,1,0,0,6,0,0,19,0.07,0,0,2,0.032,0.003,0.054,0,299,"1 potato, large (3"" to 4-1/4"" dia.",173,"1 potato, medium (2-1/4"" to 3-1/4"" dia.)",0
11357,"POTATOES,WHITE,FLESH & SKN,BKD",75.43,94,2.1,0.15,1.24,21.08,2.1,1.53,10,0.64,27,75,544,7,0.35,0.127,0.189,0.5,12.6,0.048,0.043,1.528,0.383,0.211,38,0,38,38,14.4,0.0,10,1,0,0,6,0,0,30,0.04,0,0,2.7,0.022,0.002,0.037,0,299,"1 potato, large (3"" to 4-1/4"" dia)",173,"1 potato, medium (2-1/4"" to 3-1/4"" dia)",0
11358,"POTATOES,RED,FLESH & SKN,BKD",76.67,89,2.3,0.15,1.29,19.59,1.8,1.43,9,0.7,28,72,545,12,0.4,0.174,0.173,,12.6,0.072,0.05,1.595,0.341,0.212,27,0,27,27,18.9,0.0,10,1,0,0,6,0,0,27,0.08,0,0,2.8,0.026,0.002,0.043,0,299,"1 potato, large (3"" to 4-1/4"" dia.",173,"1 potato, medium (2-1/4"" to 3-1/4"" dia.)",0
11362,"POTATOES,RAW,SKIN",83.29,58,2.57,0.1,1.61,12.44,2.5,,30,3.24,23,38,413,10,0.35,0.423,0.602,0.3,11.4,0.021,0.038,1.033,0.302,0.239,17,0,17,17,,0.0,0,0,0,,,,,,,0,0,,0.026,0.002,0.043,0,38,1 skin,,,0
11422,"PUMPKIN,RAW",91.6,26,1.0,0.1,0.8,6.5,0.5,2.76,21,0.8,12,44,340,1,0.32,0.127,0.125,0.3,9,0.05,0.11,0.6,0.298,0.061,16,0,16,16,8.2,0.0,8513,426,0,4016,3100,0,0,1500,1.06,0,0,1.1,0.052,0.013,0.005,0,116,"1 cup,  (1"" cubes)",,,30
11429,"RADISHES,RAW",95.27,16,0.68,0.1,0.55,3.4,1.6,1.86,25,0.34,10,20,233,39,0.28,0.05,0.069,0.6,14.8,0.012,0.039,0.254,0.165,0.071,25,0,25,25,6.5,0.0,7,0,0,0,4,0,0,10,0,0,0,1.3,0.032,0.017,0.048,0,116,"1 cup, slices",9,"1 large,  (1"" to 1-1/4"" dia)",10
11430,"RADISHES,ORIENTAL,RAW",94.62,18,0.6,0.1,0.58,4.1,1.6,2.5,27,0.4,16,23,227,21,0.15,0.115,0.038,0.7,22,0.02,0.02,0.2,0.138,0.046,28,0,28,28,7.3,0.0,0,0,0,0,0,0,0,0,0,0,0,0.3,0.03,0.017,0.045,0,116,"1 cup, slices",338,"1 radish,  (7"" long)",21
11435,"RUTABAGAS,RAW",89.43,37,1.08,0.16,0.71,8.62,2.3,4.46,43,0.44,20,53,305,12,0.24,0.032,0.131,0.7,25,0.09,0.04,0.7,0.16,0.1,21,0,21,21,14.1,0.0,2,0,0,0,1,1,14,19,0.3,0,0,0.3,0.027,0.025,0.088,0,140,"1 cup, cubes",772,1 large,15
11457,"SPINACH,RAW",91.4,23,2.86,0.39,1.72,3.63,2.2,0.42,99,2.71,79,49,558,79,0.53,0.13,0.897,1,28.1,0.078,0.189,0.724,0.065,0.195,194,0,194,194,19.3,0.0,9377,469,0,0,5626,0,0,12198,2.03,0,0,482.9,0.063,0.01,0.165,0,30,1 cup,340,1 bunch,28
11467,"SQUASH,SMMR,CROOKNECK&STRAIGHTNECK,RAW",94.28,19,1.01,0.27,0.56,3.88,1,2.88,21,0.44,20,32,222,2,0.29,0.092,0.172,0.2,19.3,0.051,0.041,0.448,0.16,0.104,19,0,19,19,7.1,0.0,150,8,0,0,90,0,0,290,0.13,0,0,3.2,0.093,0.013,0.082,0,127,"1 cup, sliced",,,1
11475,"SQUASH,SUMMER,SCALLOP,RAW",94.18,18,1.2,0.2,0.58,3.84,1.2,2.39,19,0.4,23,36,182,1,0.29,0.102,0.157,0.2,18,0.07,0.03,0.6,0.102,0.109,30,0,30,30,7.3,0.0,217,11,0,0,130,0,0,2308,0.13,0,0,3.3,0.041,0.015,0.084,0,130,"1 cup, slices",,,2
11477,"SQUASH,SMMR,ZUCCHINI,INCL SKN,RAW",94.79,17,1.21,0.32,0.58,3.11,1,2.5,16,0.37,18,38,261,8,0.32,0.053,0.177,0.2,17.9,0.045,0.094,0.451,0.204,0.163,24,0,24,24,9.5,0.0,200,10,0,0,120,0,0,2125,0.12,0,0,4.3,0.084,0.011,0.091,0,124,"1 cup, chopped",113,"1 cup, sliced",5
11485,"SQUASH,WNTR,BUTTERNUT,RAW",86.41,45,1.0,0.1,0.8,11.69,2,2.2,48,0.7,34,33,352,4,0.15,0.072,0.202,0.5,21,0.1,0.02,1.2,0.4,0.154,27,0,27,27,,0.0,10630,532,0,834,4226,3471,0,0,1.44,0,0,1.1,0.021,0.007,0.042,0,140,"1 cup, cubes",,,16
11489,"SQUASH,WINTER,HUBBARD,RAW",88.0,40,2.0,0.5,0.8,8.7,3.9,3.95,14,0.4,19,21,320,7,0.13,0.064,0.179,0.5,11,0.07,0.04,0.5,0.4,0.154,16,0,16,16,11.8,0.0,1367,68,0,0,820,0,0,0,0.16,0,0,1.3,0.103,0.037,0.21,0,116,"1 cup, cubes",,,36
11492,"SQUASH,WNTR,SPAGHETTI,RAW",91.6,31,0.64,0.57,0.28,6.91,1.5,2.76,23,0.31,12,12,108,17,0.19,0.037,0.125,0.3,2.1,0.037,0.018,0.95,0.36,0.101,12,0,12,12,8.2,0.0,120,6,0,16,64,0,0,0,0.13,0,0,0.9,0.117,0.042,0.239,0,101,"1 cup, cubes",,,29
11507,"SWEET POTATO,RAW,UNPREP",77.28,86,1.57,0.05,0.99,20.12,3,4.18,30,0.61,25,47,337,55,0.3,0.151,0.258,0.6,2.4,0.078,0.061,0.557,0.8,0.209,11,0,11,11,12.3,0.0,14187,709,0,7,8509,0,0,0,0.26,0,0,1.8,0.018,0.001,0.014,0,133,"1 cup, cubes",130,"1 sweetpotato,  5"" long",28
11527,"TOMATOES,GREEN,RAW",93.0,23,1.2,0.2,0.5,5.1,1.1,4,13,0.51,10,28,204,13,0.07,0.09,0.1,0.4,23.4,0.06,0.04,0.5,0.5,0.081,9,0,9,9,8.6,0.0,642,32,0,78,346,0,0,0,0.38,0,0,10.1,0.028,0.03,0.081,0,180,1 cup,182,1 large,9
11564,"TURNIPS,RAW",91.87,28,0.9,0.1,0.7,6.43,1.8,3.8,30,0.3,11,27,191,67,0.27,0.085,0.134,0.7,21,0.04,0.03,0.4,0.2,0.09,15,0,15,15,11.1,0.0,0,0,0,0,0,0,0,0,0.03,0,0,0.1,0.011,0.006,0.053,0,130,"1 cup, cubes",183,1 large,19
11568,"TURNIP GREENS,RAW",89.67,32,1.5,0.3,1.4,7.13,3.2,0.81,190,1.1,31,42,296,40,0.19,0.35,0.466,1.2,60,0.07,0.1,0.6,0.38,0.263,194,0,194,194,,0.0,11587,579,0,0,6952,0,0,12825,2.86,0,0,251,0.07,0.02,0.12,0,55,"1 cup, chopped",,,30
11591,"WATERCRESS,RAW",95.11,11,2.3,0.1,1.2,1.29,0.5,0.2,120,0.2,21,60,330,41,0.11,0.077,0.244,0.9,43,0.09,0.12,0.2,0.31,0.129,9,0,9,9,9,0.0,3191,160,0,0,1914,0,0,5767,1,0,0,250,0.027,0.008,0.035,0,34,"1 cup, chopped",2.5,1 sprig,8
11601,"YAM,RAW",69.6,118,1.53,0.17,0.82,27.88,4.1,0.5,17,0.54,21,55,816,9,0.24,0.178,0.397,0.7,17.1,0.112,0.032,0.552,0.314,0.293,23,0,23,23,16.5,0.0,138,7,0,0,83,0,0,0,0.35,0,0,2.3,0.037,0.006,0.076,0,150,"1 cup, cubes",,,14
11622,"KALE,SCOTCH,RAW",87.0,42,2.8,0.6,1.28,8.32,1.7,,205,3,88,62,450,70,0.37,0.243,0.648,0.9,130,0.07,0.06,1.3,0.076,0.227,28,0,28,28,,0.0,3100,155,0,,,,,,,0,0,,0.078,0.045,0.289,0,67,"1 cup, chopped",,,39
11637,"RADISHES,WHITE ICICLE,RAW",95.37,14,1.1,0.1,0.8,2.63,1.4,,27,0.8,9,28,280,16,0.13,0.099,0.033,0.7,29,0.03,0.02,0.3,0.184,0.075,14,0,14,14,,0.0,0,0,0,,,,,,,0,0,,0.03,0.016,0.045,0,50,".5 cup, slices",17,"1 radish,  (7"" long)",35
11641,"SQUASH,SMMR,ALL VAR,RAW",94.64,16,1.21,0.18,0.62,3.35,1.1,2.2,15,0.35,17,38,262,2,0.29,0.051,0.175,0.2,17,0.048,0.142,0.487,0.155,0.218,29,0,29,29,6.7,0.0,200,10,0,0,120,0,0,2125,0.12,0,0,3,0.044,0.016,0.089,0,113,"1 cup, sliced",323,1 large,5
11643,"SQUASH,WNTR,ALL VAR,RAW",89.76,34,0.95,0.13,0.57,8.59,1.5,2.2,28,0.58,14,23,350,4,0.21,0.071,0.163,0.4,12.3,0.03,0.062,0.5,0.188,0.156,24,0,24,24,10,0.0,1367,68,0,0,820,0,0,38,0.12,0,0,1.1,0.027,0.01,0.056,0,116,"1 cup, cubes",,,29
11653,"BEANS,PINTO,MATURE SEEDS,SPROUTED,RAW",81.3,62,5.25,0.9,0.95,11.6,,,43,1.97,53,94,307,153,0.5,0.32,0.366,0.6,21.7,0.23,0.175,2.28,0.74,0.171,118,0,118,118,,0.0,2,0,0,,,,,,,0,0,,0.109,0.067,0.523,0,,,,,0
11670,"PEPPERS,HOT CHILI,GRN,RAW",87.74,40,2.0,0.2,0.6,9.46,1.5,5.1,18,1.2,25,46,340,7,0.3,0.174,0.237,0.5,242.5,0.09,0.09,0.95,0.061,0.278,23,0,23,23,11.1,0.0,1179,59,0,23,671,50,0,725,0.69,0,0,14.3,0.021,0.011,0.109,0,45,1 pepper,75,".5 cup, chopped or diced",27
11677,"SHALLOTS,RAW",79.8,72,2.5,0.1,0.8,16.8,3.2,7.87,37,1.2,21,60,334,12,0.4,0.088,0.292,1.2,8,0.06,0.02,0.2,0.29,0.345,34,0,34,34,11.3,0.0,4,0,0,0,3,0,0,8,0.04,0,0,0.8,0.017,0.014,0.039,0,10,"1 tbsp, chopped",,,12
11695,"TOMATOES,ORANGE,RAW",94.78,16,1.16,0.19,0.69,3.18,0.9,,5,0.47,8,29,212,42,0.14,0.062,0.088,0.4,16,0.046,0.034,0.593,0.186,0.06,29,0,29,29,,0.0,1496,75,0,,,,,,,0,0,,0.025,0.028,0.076,0,158,"1 cup, chopped",111,1 tomato,9
11696,"TOMATOES,YELLOW,RAW",95.28,15,0.98,0.26,0.5,2.98,0.7,,11,0.49,12,36,258,23,0.28,0.101,0.12,0.4,9,0.041,0.047,1.179,0.11,0.056,30,0,30,30,,0.0,0,0,0,,,,,,,0,0,,0.036,0.04,0.108,0,139,"1 cup, chopped",212,1 tomato,9
11722,"BEANS,SNAP,YELLOW,RAW",90.27,31,1.82,0.12,0.66,7.13,3.4,3.27,37,1.04,25,38,209,6,0.24,0.069,0.214,0.6,16.3,0.084,0.105,0.752,0.094,0.074,37,0,37,37,15.3,0.0,108,,0,,,,,,0.41,0,0,43.2,0.026,0.005,0.059,0,100,"1 cup, 1/2"" pieces",55,"10 beans,  (4"" long)",12
11741,"BROCCOLI,STALKS,RAW",90.69,28,2.98,0.35,0.92,5.24,,,48,0.88,25,66,325,27,0.4,0.045,0.229,3,93.2,0.065,0.119,0.638,0.535,0.159,71,0,71,71,,0.0,400,20,0,,,,,,,0,0,,0.054,0.024,0.167,0,114,1 stalk,,,0
11749,"CABBAGE,COMMON,FRESHLY HARVEST,RAW",92.52,24,1.21,0.18,0.72,5.37,2.3,,47,0.56,15,23,246,18,0.18,0.023,0.159,0.9,51,0.05,0.03,0.3,0.14,0.095,57,0,57,57,,0.0,126,6,0,,,,,,,0,0,,0.023,0.013,0.087,0,35,".5 cup, shredded",908,1 head,20
11750,"CABBAGE,COMMON (DANISH,DOMESTIC,&POINTED TYPES),STORED,RAW",92.52,24,1.21,0.18,0.72,5.37,2.3,,47,0.56,15,23,246,18,0.18,0.023,0.159,0.9,42,0.05,0.03,0.3,0.14,0.095,57,0,57,57,,0.0,126,6,0,,,,,,,0,0,,0.023,0.013,0.087,0,35,".5 cup, shredded",908,1 head,20
11819,"PEPPERS,HOT CHILI,RED,RAW",88.02,40,1.87,0.44,0.87,8.81,1.5,5.3,14,1.03,23,43,322,9,0.26,0.129,0.187,0.5,143.7,0.072,0.086,1.244,0.201,0.506,23,0,23,23,10.9,0.0,952,48,0,36,534,40,0,709,0.69,0,0,14,0.042,0.024,0.239,0,45,1 pepper,75,".5 cup, chopped or diced",27
11821,"PEPPERS,SWT,RED,RAW",92.21,31,0.99,0.3,0.47,6.03,2.1,4.2,7,0.43,12,26,211,4,0.25,0.017,0.112,0.1,127.7,0.054,0.085,0.979,0.317,0.291,46,0,46,46,5.6,0.0,3131,157,0,20,1624,490,0,51,1.58,0,0,4.9,0.027,0.003,0.07,0,149,"1 cup, chopped",92,"1 cup, sliced",18
11900,"CORN,SWEET,WHITE,RAW",75.96,86,3.22,1.18,0.62,19.02,2.7,3.22,2,0.52,37,89,270,15,0.45,0.054,0.161,0.6,6.8,0.2,0.06,1.7,0.76,0.055,46,0,46,46,,0.0,1,0,0,0,1,0,0,34,0.07,0,0,0.3,0.182,0.347,0.559,0,73,"1 ear,  small (5-1/2"" to 6-1/2"" long)",90,"1 ear,  medium (6-3/4"" to 7-1/2"" long)",64
11951,"PEPPERS,SWEET,YELLOW,RAW",92.02,27,1.0,0.21,0.45,6.32,0.9,,11,0.46,12,24,212,2,0.17,0.107,0.117,0.3,183.5,0.028,0.025,0.89,0.168,0.168,26,0,26,26,,0.0,200,10,0,,120,,,,,0,0,,0.031,,,0,186,"1 pepper,  large (3-3/4"" long, 3"" dia)",52,10 strips,18
11952,"RADICCHIO,RAW",93.14,23,1.43,0.25,0.7,4.48,0.9,0.6,19,0.57,13,40,302,22,0.62,0.341,0.138,0.9,8,0.016,0.028,0.255,0.269,0.057,60,0,60,60,10.9,0.0,27,1,0,0,16,0,0,8832,2.26,0,0,255.2,0.06,0.01,0.11,0,40,"1 cup, shredded",8,1 leaf,9
11954,"TOMATILLOS,RAW",91.63,32,0.96,1.02,0.55,5.84,1.9,3.93,7,0.62,20,39,268,1,0.22,0.079,0.153,0.5,11.7,0.044,0.035,1.85,0.15,0.056,7,0,7,7,7.6,0.0,114,6,0,10,63,0,0,467,0.38,0,0,10.1,0.139,0.155,0.417,0,34,1 medium,66,".5 cup, chopped or diced",
11957,"FENNEL,BULB,RAW",90.21,31,1.24,0.2,1.05,7.3,3.1,3.93,49,0.73,17,50,414,52,0.2,0.066,0.191,0.7,12,0.01,0.032,0.64,0.232,0.047,27,0,27,27,13.2,0.0,963,48,0,0,578,0,0,607,0.58,0,0,62.8,0.09,0.068,0.169,0,87,"1 cup, sliced",234,1 bulb,28
11959,"ARUGULA,RAW",91.71,25,2.58,0.66,1.4,3.65,1.6,2.05,160,1.46,47,52,369,27,0.47,0.076,0.321,0.3,15,0.044,0.086,0.305,0.437,0.073,97,0,97,97,15.3,0.0,2373,119,0,0,1424,0,0,3555,0.43,0,0,108.6,0.086,0.049,0.319,0,2,1 leaf,10,.5 cup,40
11973,"BEANS,FAVA,IN POD,RAW",72.6,88,7.92,0.73,1.12,17.63,7.5,9.21,37,1.55,33,129,332,25,1.0,0.402,0.661,0.8,3.7,0.133,0.29,2.249,0.225,0.104,148,0,148,148,,0.0,333,17,0,0,196,9,0,1811,1.16,0,0,40.9,0.118,0.104,0.342,0,126,1 cup,6.1,1 pod,3
11976,"PEPPER,BANANA,RAW",91.81,27,1.66,0.45,0.73,5.35,3.4,1.95,14,0.46,17,32,256,13,0.25,0.094,0.1,0.3,82.7,0.081,0.054,1.242,0.265,0.357,29,0,29,29,7.4,0.0,340,17,0,39,184,0,0,0,0.69,0,0,9.5,0.048,0.027,0.243,0,124,1 cup,33,"1 small,  (4"" long)",18
11979,"PEPPERS,JALAPENO,RAW",91.69,29,0.91,0.37,0.53,6.5,2.8,4.12,12,0.25,15,26,248,3,0.14,0.046,0.097,0.4,118.6,0.04,0.07,1.28,0.315,0.419,27,0,27,27,7.5,0.0,1078,54,0,67,561,105,0,861,3.58,0,0,18.5,0.092,0.029,0.112,0,90,"1 cup, sliced",14,1 pepper,8
11992,"MUSHROOMS,WHITE,MICROWAVED",88.52,35,3.91,0.46,1.08,6.04,2.5,0,6,0.33,14,127,488,17,0.73,0.37,0.064,18,0,0.06,0.431,5.35,1.96,0.049,16,0,16,16,30.3,0.0,0,0,0,0,0,0,0,0,0,0.3,11,0,0.06,0.02,0.28,0,,,,,0
11993,"MUSHROOMS,MAITAKE,RAW",90.37,31,1.94,0.19,0.53,6.97,2.7,2.07,1,0.3,10,74,204,1,0.75,0.252,0.059,2.2,0,0.146,0.242,6.585,0.27,0.056,21,0,21,21,51.1,0.0,0,0,0,0,0,0,0,0,0.01,28.1,1123,0,0.03,0.03,0.09,0,70,"1 cup, diced",1.1,"1 piece, whole",0
11994,"BROCCOLI,CHINESE,RAW",92.55,30,1.2,0.76,0.83,4.67,2.6,0.88,105,0.59,19,43,274,7,0.41,0.064,,1.4,29.6,0.1,0.153,0.459,,0.074,104,0,104,104,26.5,0.0,1720,86,0,0,1032,0,0,957,0.5,0,0,89.1,0.116,0.053,0.347,0,,,,,12
12012,"SEEDS,HEMP SD,HULLED",4.96,553,31.56,48.75,6.06,8.67,4,1.5,70,7.95,700,1650,1200,5,9.9,1.6,7.6,,0.5,1.275,0.285,9.2,,0.6,110,0,110,110,,,11,1,,,7,,,,0.8,,,,4.6,5.4,38.1,0,30,3 tbsp,,,0
12024,"SESAME SEEDS,WHL,RSTD&TSTD",3.3,565,16.96,48.0,6,25.74,14,,989,14.76,356,638,475,11,7.16,2.47,2.496,34.4,0,0.803,0.251,4.581,0.051,0.802,98,0,98,98,,0.0,9,0,0,,,,,,,0,0,,6.722,18.127,21.039,0,28.35,1 oz,,,0
12061,ALMONDS,4.41,579,21.15,49.93,2.97,21.55,12.5,4.35,269,3.71,270,481,733,1,3.12,1.031,2.179,4.1,0,0.205,1.138,3.618,0.471,0.137,44,0,44,44,52.1,0.0,2,0,0,0,1,0,0,1,25.63,0,0,0,3.802,31.551,12.329,0,143,"1 cup, whole",92,"1 cup, sliced",60
12062,"ALMONDS,BLANCHED",4.51,590,21.4,52.52,2.91,18.67,9.9,4.63,236,3.28,268,481,659,19,2.97,1.027,1.835,3.2,0,0.191,0.711,3.5,0.314,0.115,49,0,49,49,52.1,0.0,7,0,0,0,4,0,0,1,23.75,0,0,0,3.953,33.415,12.368,0,145,"1 cup, whole kernels",9.1,1 tbsp,0
12087,"NUTS,CASHEW NUTS,RAW",5.2,553,18.22,43.85,2.54,30.19,3.3,5.91,37,6.68,292,593,660,12,5.78,2.195,1.655,19.9,0.5,0.423,0.058,1.062,0.864,0.417,25,0,25,25,,0.0,0,0,0,0,0,0,0,22,0.9,0,0,34.1,7.783,23.797,7.845,0,28.35,1 oz,,,
12120,HAZELNUTS OR FILBERTS,5.31,628,14.95,60.75,2.29,16.7,9.7,4.34,114,4.7,163,290,680,0,2.45,1.725,6.175,2.4,6.3,0.643,0.113,1.8,0.918,0.563,113,0,113,113,45.6,0.0,20,1,0,3,11,0,0,92,15.03,0,0,14.2,4.464,45.652,7.92,0,115,"1 cup, chopped",75,"1 cup, ground",59
12121,"HAZELNUTS OR FILBERTS,BLANCHED",5.79,629,13.7,61.15,2.36,17,11,3.49,149,3.3,160,310,658,0,2.2,1.6,12.65,4.1,2,0.475,0.11,1.55,0.815,0.585,78,0,78,78,,0.0,40,2,0,2,23,,,,17.5,0,0,,4.669,48.192,5.558,0,28.35,1 oz,,,0
12131,"MACADAMIA NUTS,RAW",1.36,718,7.91,75.77,1.14,13.82,8.6,4.57,85,3.69,130,188,368,5,1.3,0.756,4.131,3.6,1.2,1.195,0.162,2.473,0.758,0.275,11,0,11,11,,0.0,0,0,0,,,,,,0.54,0,0,,12.061,58.877,1.502,0,134,"1 cup, whole or halves",28.35,"1 oz,  (10-12 kernels)",69
12142,PECANS,3.52,691,9.17,71.97,1.49,13.86,9.6,3.97,70,2.53,121,277,410,0,4.53,1.2,4.5,3.8,1.1,0.66,0.13,1.167,0.863,0.21,22,0,22,22,40.5,0.0,56,3,0,0,29,9,0,17,1.4,0,0,3.5,6.18,40.801,21.614,0,109,"1 cup, chopped",99,"1 cup, halves",47
12151,"PISTACHIO NUTS,RAW",4.37,560,20.16,45.32,2.99,27.17,10.6,7.66,105,3.92,121,490,1025,1,2.2,1.3,1.2,7,5.6,0.87,0.16,1.3,0.52,1.7,51,0,51,51,,0.0,516,26,0,10,305,0,,2903,2.86,0,0,,5.907,23.257,14.38,0,123,1 cup,28.35,"1 oz,  (49 kernels)",47
12155,"WALNUTS,ENGLISH",4.07,654,15.23,65.21,1.78,13.71,6.7,2.61,98,2.91,158,346,441,2,3.09,1.586,3.414,4.9,1.3,0.341,0.15,1.125,0.57,0.537,98,0,98,98,39.2,0.0,20,1,0,0,12,0,0,9,0.7,0,0,2.7,6.126,8.933,47.174,0,117,"1 cup, chopped",80,"1 cup, ground",55
12166,"SESAME BUTTER,TAHINI,FROM RSTD&TSTD KRNLS (MOST COMMON TYPE)",3.05,595,17.0,53.76,5,21.19,9.3,0.49,426,8.95,95,732,414,115,4.62,1.61,1.456,34.4,0,1.22,0.473,5.45,0.693,0.149,98,0,98,98,25.8,0.0,67,3,0,0,40,0,0,0,0.25,0,0,0,7.529,20.302,23.564,0,15,1 tbsp,28.35,1 oz,0
12171,"SESAME BUTTER,TAHINI,FROM UNROASTED KRNLS",3.0,607,17.95,56.44,4.73,17.89,9.3,,141,6.35,353,790,459,1,10.45,1.488,1.457,,0,1.587,0.12,5.644,0.694,0.149,98,0,98,98,,0.0,67,3,0,,,,,,,0,0,,7.904,21.313,24.737,0,14,1 tbsp,28.35,1 oz,0
12198,"SESAME BUTTER,TAHINI,FROM RAW&STONE GROUND KRNLS",3.0,570,17.81,48.0,5,26.19,9.3,,420,2.51,96,752,414,74,4.64,1.618,1.457,,0,1.283,0.51,5.925,0.694,0.149,98,0,98,98,,0.0,67,3,0,,,,,,,0,0,,6.722,18.127,21.039,0,15,1 tbsp,28.35,1 oz,0
12206,"ALMONDS,HONEY RSTD,UNBLANCHED",1.7,594,18.17,49.9,2.33,27.9,13.7,,263,2.83,240,400,560,130,2.6,0.97,2.003,,0.7,0.114,0.953,2.819,0.258,0.085,32,0,32,32,,0.0,0,0,0,,,,,,,0,0,,4.73,32.402,10.472,0,144,"1 cup, whole kernels",28.35,1 oz,0
12220,"SEEDS,FLAXSEED",6.96,534,18.29,42.16,3.72,28.88,27.3,1.55,255,5.73,392,642,813,30,4.34,1.22,2.482,25.4,0.6,1.644,0.161,3.08,0.985,0.473,87,0,87,87,78.7,0.0,0,0,0,0,0,0,0,651,0.31,0,0,4.3,3.663,7.527,28.73,0,10.3,"1 tbsp, whole",168,"1 cup, whole",0
12698,"SESAME BUTTER,TAHINI,KRNLS UNSPEC",3.0,592,17.4,53.01,5.09,21.5,4.7,,141,4.42,95,790,459,35,4.62,1.61,,34.4,4.2,1.59,0.12,5.64,,0.15,98,0,98,98,,0.0,67,3,0,,,,,,,0,0,,7.423,20.016,23.232,0,15,1 tbsp,,,0
16001,"BEANS,ADZUKI,MATURE SEEDS,RAW",13.44,329,19.87,0.53,3.26,62.9,12.7,,66,4.98,127,381,1254,5,5.04,1.094,1.73,3.1,0,0.455,0.22,2.63,1.471,0.351,622,0,622,622,,0.0,17,1,0,,,,,,,0,0,,0.191,0.05,0.113,0,197,1 cup,,,0
16014,"BEANS,BLACK,MATURE SEEDS,RAW",11.02,341,21.6,1.42,3.6,62.36,15.5,2.12,123,5.02,171,352,1483,5,3.65,0.841,1.06,3.2,0,0.9,0.193,1.955,0.899,0.286,444,0,444,444,66.4,0.0,17,0,0,0,0,0,0,0,0.21,0,0,5.6,0.366,0.123,0.61,0,194,1 cup,12.1,1 tbsp,0
16019,"BEANS,CRANBERRY (ROMAN),MATURE SEEDS,RAW",12.39,335,23.03,1.23,3.31,60.05,24.7,,127,5,156,372,1332,6,3.63,0.794,0.92,12.7,0,0.747,0.213,1.455,0.748,0.309,604,0,604,604,,0.0,2,0,0,,,,,,,0,0,,0.316,0.106,0.527,0,195,1 cup,,,0
16022,"BEANS,FRENCH,MATURE SEEDS,RAW",10.77,343,18.81,2.02,4.3,64.11,25.2,,186,3.4,188,304,1316,18,1.9,0.44,1.2,12.9,4.6,0.535,0.221,2.083,0.789,0.401,399,0,399,399,,0.0,8,0,0,,,,,,,0,0,,0.221,0.138,1.207,0,184,1 cup,,,0
16024,"BEANS,GREAT NORTHERN,MATURE SEEDS,RAW",10.7,339,21.86,1.14,3.93,62.37,20.2,2.26,175,5.47,189,447,1387,14,2.31,0.837,1.423,12.9,5.3,0.653,0.237,1.955,1.098,0.447,482,0,482,482,,0.0,0,0,0,0,0,0,0,0,0.22,0,0,6,0.356,0.053,0.477,0,183,1 cup,,,0
16037,"BEANS,NAVY,MATURE SEEDS,RAW",12.1,337,22.33,1.5,3.32,60.75,15.3,3.88,147,5.49,175,407,1185,5,3.65,0.834,1.418,11,,0.775,0.164,2.188,0.744,0.428,364,0,364,364,87.4,0.0,0,0,0,0,0,0,0,0,0.02,0,0,2.5,0.17,0.128,0.873,,208,1 cup,,,0
16040,"BEANS,PINK,MATURE SEEDS,RAW",10.06,343,20.96,1.13,3.66,64.19,12.7,2.14,130,6.77,182,415,1464,8,2.55,0.81,1.376,13,0,0.772,0.192,1.892,0.997,0.527,463,0,463,463,67.2,0.0,0,0,0,0,0,0,0,0,0.21,0,0,5.7,0.292,0.098,0.487,0,210,1 cup,,,0
16042,"BEANS,PINTO,MATURE SEEDS,RAW",11.33,347,21.42,1.23,3.46,62.55,15.5,2.11,113,5.07,176,411,1393,12,2.28,0.893,1.148,27.9,6.3,0.713,0.212,1.174,0.785,0.474,525,0,525,525,66.2,0.0,0,0,0,0,0,0,0,0,0.21,0,0,5.6,0.235,0.229,0.407,0,193,1 cup,12,1 tbsp,0
16045,"BEANS,SML WHITE,MATURE SEEDS,RAW",11.71,336,21.11,1.18,3.75,62.25,24.9,,173,7.73,183,445,1542,12,2.81,0.635,1.278,12.8,0,0.743,0.207,1.342,0.729,0.439,386,0,386,386,,0.0,0,0,0,,,,,,,0,0,,0.304,0.102,0.507,0,215,1 cup,,,0
16049,"BEANS,WHITE,MATURE SEEDS,RAW",11.32,333,23.36,0.85,4.2,60.27,15.2,2.11,240,10.44,190,301,1795,16,3.67,0.984,1.796,12.8,0,0.437,0.146,0.479,0.732,0.318,388,0,388,388,66.2,0.0,0,0,0,0,0,0,0,0,0.21,0,0,5.6,0.219,0.074,0.364,0,202,1 cup,12.6,1 tbsp,0
16052,"BROADBEANS (FAVA BEANS),MATURE SEEDS,RAW",10.98,341,26.12,1.53,3.08,58.29,25,5.7,103,6.7,192,421,1062,13,3.14,0.824,1.626,8.2,1.4,0.555,0.333,2.832,0.976,0.366,423,0,423,423,95.8,0.0,53,3,0,0,32,0,0,0,0.05,0,0,9,0.254,0.303,0.627,0,150,1 cup,9.4,1 tbsp,0
16056,"CHICKPEAS (GARBANZO BNS,BENGAL GM),MATURE SEEDS,RAW",7.68,378,20.47,6.04,2.85,62.95,12.2,10.7,57,4.31,79,252,718,24,2.76,0.656,21.306,0,4,0.477,0.212,1.541,1.588,0.535,557,0,557,557,99.3,0.0,67,3,0,0,40,0,0,0,0.82,0,0,9,0.603,1.377,2.731,0,200,1 cup,12.5,1 tbsp,0
16069,"LENTILS,RAW",8.26,352,24.63,1.06,2.71,63.35,10.7,2.03,35,6.51,47,281,677,6,3.27,0.754,1.393,0.1,4.5,0.873,0.211,2.605,2.14,0.54,479,0,479,479,96.4,0.0,39,2,0,0,23,0,0,0,0.49,0,0,5,0.154,0.193,0.526,0,192,1 cup,12,1 tablespoon,0
16071,"LIMA BNS,LRG,MATURE SEEDS,RAW",10.17,338,21.46,0.69,4.3,63.38,19,8.5,81,7.51,224,385,1724,18,2.83,0.74,1.672,7.2,0,0.507,0.202,1.537,1.355,0.512,395,0,395,395,96.7,0.0,0,0,0,0,0,0,0,0,0.72,0,0,6,0.161,0.062,0.309,0,178,1 cup,11.1,1 tbsp,0
16080,"MUNG BNS,MATURE SEEDS,RAW",9.05,347,23.86,1.15,3.32,62.62,16.3,6.6,132,6.74,189,367,1246,15,2.68,0.941,1.035,8.2,4.8,0.621,0.233,2.251,1.91,0.382,625,0,625,625,97.9,0.0,114,6,0,0,68,0,0,0,0.51,0,0,9,0.348,0.161,0.384,0,207,1 cup,13,1 tbsp,0
16085,"PEAS,GRN,SPLIT,MATURE SEEDS,RAW",8.62,352,23.82,1.16,2.66,63.74,25.5,8,37,4.82,49,321,823,15,3.55,0.815,1.22,4.1,1.8,0.726,0.215,2.889,1.758,0.174,274,0,274,274,95.5,0.0,149,7,0,0,89,0,0,0,0.09,0,0,14.5,0.161,0.242,0.495,0,197,1 cup,453.6,1 lb,0
16087,"PEANUTS,ALL TYPES,RAW",6.5,567,25.8,49.24,2.33,16.13,8.5,4.72,92,4.58,168,376,705,18,3.27,1.144,1.934,7.2,0,0.64,0.135,12.066,1.767,0.348,240,0,240,240,52.5,0.0,0,0,0,0,0,0,0,0,8.33,0,0,0,6.279,24.426,15.558,0,28.35,1 oz,146,1 cup,0
16091,"PEANUTS,SPANISH,RAW",6.39,570,26.15,49.6,2.03,15.83,9.5,,106,3.91,188,388,744,22,2.12,0.9,2.64,7.2,0,0.675,0.135,15.925,1.769,0.348,240,0,240,240,,0.0,0,0,0,0,0,0,0,0,,0,0,0,7.098,22.325,17.238,0,146,1 cup,28.35,1 oz,0
16093,"PEANUTS,VALENCIA,RAW",4.26,570,25.09,47.58,2.17,20.91,8.7,,62,2.09,184,336,332,1,3.34,1.171,1.98,7.3,0,0.639,0.3,12.875,1.809,0.34,246,0,246,246,,0.0,0,0,0,,,,,,,0,0,,7.329,21.414,16.5,0,146,1 cup,28.35,1 oz,0
16095,"PEANUTS,VIRGINIA,RAW",6.91,563,25.19,48.75,2.61,16.54,8.5,3.95,89,2.55,171,380,690,10,4.43,1.112,1.696,7.1,0,0.653,0.131,12.375,1.759,0.346,239,0,239,239,,0.0,0,0,0,0,0,0,0,0,6.56,0,0,0,6.434,25.58,14.877,0,146,1 cup,28.35,1 oz,0
16112,MISO,43.02,198,12.79,6.01,12.81,25.37,5.4,6.2,57,2.49,48,159,210,3728,2.56,0.42,0.859,7,0,0.098,0.233,0.906,0.337,0.199,19,0,19,19,72.2,0.08,87,4,0,0,52,0,0,0,0.01,0,0,29.3,1.025,1.118,2.884,0,17,1 tbsp,275,1 cup,0
16113,NATTO,55.02,211,19.4,11.0,1.9,12.68,5.4,4.89,217,8.6,115,174,729,7,3.03,0.667,1.528,8.8,13,0.16,0.19,0.0,0.215,0.13,8,0,8,8,57,0.0,0,0,0,0,0,0,0,0,0.01,0,0,23.1,1.591,2.43,6.21,0,175,1 cup,,,0
16114,TEMPEH,59.65,192,20.29,10.8,1.62,7.64,,,111,2.7,81,266,412,9,1.14,0.56,1.3,0,0,0.078,0.358,2.64,0.278,0.215,24,0,24,24,,0.08,0,0,0,,,,,,,0,0,,2.539,3.205,4.3,0,166,1 cup,,,0
16137,"HUMMUS,HOME PREP",64.87,177,4.86,8.59,1.56,20.12,4,0.27,49,1.56,29,110,173,242,1.09,0.224,0.567,2.4,7.9,0.089,0.052,0.399,0.287,0.399,59,0,59,59,27.8,0.0,5,0,0,0,2,2,0,1,0.75,0,0,3,1.141,4.865,2.109,0,15,1 tablespoon,246,1 cup,0
16144,"LENTILS,PINK OR RED,RAW",7.82,358,23.91,2.17,3,63.1,10.8,,48,7.39,59,294,668,7,3.6,1.303,1.716,0,1.7,0.51,0.106,1.495,0.348,0.403,204,0,204,204,,0.0,58,3,0,0,35,0,,,,0,0,,0.379,0.5,1.137,0,192,1 cup,,,0
16147,VEGGIE BURGERS OR SOYBURGERS  UNPREP,61.21,177,15.7,6.3,2.52,14.27,4.9,1.07,136,2.41,56,206,333,569,1.26,0.2,0.951,22.6,4.5,2.651,0.244,3.753,0.289,0.303,124,0,124,124,19.4,2.01,16,1,0,0,10,0,0,0,0.23,0,0,4.2,1.44,1.778,2.023,5,70,1 pattie,,,0
16150,"PEANUT BUTTER,SMOOTH,RED FAT",1.2,520,25.9,34.0,3.25,35.65,5.2,9.28,35,1.9,170,369,669,540,2.8,0.58,1.475,7.5,0,0.27,0.06,14.6,1.066,0.31,60,0,60,60,63.4,0.0,0,0,0,0,0,0,0,0,9.04,0,0,0.6,5.76,16.156,9.182,0,36,2 tablespoon,,,0
16155,"PEANUT BUTTER,SMOOTH,VIT & MINERAL FORT",1.47,591,25.72,50.81,3.25,18.75,5.6,10.47,43,16.6,355,368,667,420,14.4,1.64,,7.5,0,0.083,0.105,13.369,,2.23,373,239,134,540,63.3,0.0,3907,1172,1172,0,0,0,0,0,43.2,0,0,0.6,10.125,24.832,13.847,0,32,2 tbsp,258,1 cup,0
16156,"PEANUT BUTTER,CHUNKY,VITAMIN&MINERAL FORT",1.48,593,26.06,51.47,3.3,17.69,5.7,10.94,45,17.5,370,316,744,366,15.1,1.77,,7.5,0,0.125,0.112,13.64,,2.52,313,221,92,467,61.1,0.0,3907,1172,1172,0,0,0,0,0,43.2,0,0,0.5,7.972,24.366,14.648,0,32,2 tbsp,258,1 cup,0
16158,"HUMMUS,COMMERCIAL",66.59,166,7.9,9.6,1.66,14.29,6,,38,2.44,71,176,228,379,1.83,0.527,0.773,2.6,0,0.18,0.064,0.582,0.132,0.2,83,0,83,83,,0.0,30,,,,,,,,,0,0,,1.437,4.039,3.613,0,15,1 tbsp,246,1 cup,0
16159,"TOFU,EX FIRM,PREP W/NIGARI",82.31,83,9.98,5.26,1.28,1.18,1,0.71,282,2.04,35,111,130,4,1.07,0.2,0.666,13,0,0.048,0.048,0.241,0.844,0.083,9,0,9,9,33,0.0,0,0,0,0,0,0,0,0,0.01,0,0,2.8,0.919,1.318,2.657,0,91,.2 block,,,0
16160,"TOFU,HARD,PREP W/NIGARI",71.12,145,12.68,9.99,1.82,4.39,0.6,,345,2.75,53,231,146,2,1.66,0.328,1.052,16.8,0.3,0.042,0.077,0.639,0.037,0.039,22,0,22,22,,0.0,,,,,,,,,,0,0,,1.445,2.205,5.638,0,122,.25 block,,,0
16161,"MORI-NU,TOFU,SILKEN,SOFT",89.0,55,4.8,2.7,0.6,2.9,0.1,1.31,31,0.82,29,62,180,5,0.52,0.207,,,0,0.1,0.04,0.3,,0.011,,,,,,0.0,0,0,0,,,,,,,,,,0.357,0.522,1.55,0,84,1 slice,,,0
16162,"MORI-NU,TOFU,SILKEN,FIRM",87.4,62,6.9,2.7,0.6,2.4,0.1,1.27,32,1.03,27,90,194,36,0.61,0.203,,,0,0.101,0.041,0.247,,0.011,,,,,,0.0,0,0,0,,,,,,,,,,0.406,0.539,1.485,0,84,1 slice,,,0
16163,"MORI-NU,TOFU,SILKEN,EX FIRM",88.1,55,7.4,1.9,0.6,2,0.1,0.99,31,1.19,27,100,154,63,0.6,0.2,,,0,0.079,0.034,0.235,,0.011,,,,,,0.0,0,0,0,,,,,,,,,,0.3,0.345,1.061,0,84,1 slice,,,0
16164,"MORI-NU,TOFU,SILKEN,LITE FIRM",91.4,37,6.3,0.8,0.4,1.1,0,0.45,36,0.75,10,81,63,85,0.33,0.121,,,0,0.04,0.02,0.11,,0.0,,,,,,0.0,0,0,0,,,,,,,,,,0.133,0.136,0.449,0,84,1 slice,,,0
16165,"MORI-NU,TOFU,SILKEN,LITE EX FIRM",90.9,38,7.0,0.7,0.4,1,0,0.42,43,0.79,10,83,57,98,0.26,0.129,,,0,0.03,0.02,0.11,,0.0,,,,,,0.0,0,0,0,,,,,,,,,,0.116,0.118,0.395,0,84,1 slice,,,0
16252,SILK PLN SOY YOGURT,84.67,66,2.64,1.76,1.24,9.69,0.4,5.29,132,,,,,13,,,,,13.2,,,,,,,,,,,,0,,,,,,,,,1.3,53,,0.22,,,0,227,1 container,,,0
16253,SILK STRAWBERRY SOY YOGURT,77.0,94,2.35,1.18,1.24,18.24,0.6,12.94,176,0.64,,,,15,,,,,17.6,,,,,,,,,,,,0,,,,,,,,,,,,0.0,,,0,170,1 container,,,0
16254,SILK RASPBERRY SOY YOGURT,77.59,88,2.35,1.18,1.24,17.65,0.6,12.94,176,0.64,,,,15,,,,,17.6,,,,,,,,,,,,0,,,,,,,,,,,,0.0,,,0,170,1 container,,,0
16255,SILK PEACH SOY YOGURT,76.41,94,2.35,1.18,1.24,18.82,0.6,14.71,176,0.64,,,,15,,,,,17.6,,,,,,,,,,,,0,,,,,,,,,,,,0.0,,,0,170,1 container,,,0
16256,SILK BLACK CHERRY SOY YOGURT,78.18,88,2.35,1.18,1.24,17.06,0.6,11.76,176,0.64,,,,12,,,,,17.6,,,,,,,,,,,,0,,,,,,,,,,,,0.0,,,0,170,1 container,,,0
16257,SILK BLUEBERRY SOY YOGURT,78.18,88,2.35,1.18,1.24,17.06,0.6,12.35,176,0.64,,,,15,,,,,17.6,,,,,,,,,,,,0,,,,,,,,,,,,0.0,,,0,170,1 container,,,0
16258,SILK KEY LIME SOY YOGURT,77.59,88,2.35,1.18,1.24,17.65,0.6,12.35,176,0.64,,,,15,,,,,17.6,,,,,,,,,,,,0,,,,,,,,,,,,0.0,,,0,170,1 container,,,0
16259,SILK BANANA-STRAWBERRY SOY YOGURT,78.18,88,2.35,1.18,1.24,17.06,0.6,10.59,176,0.64,,,,15,,,,,17.6,,,,,,,,,,,,0,,,,,,,,,,,,0.0,,,0,170,1 container,,,0
16279,HOUSE FOODS PREMIUM SOFT TOFU,88.08,59,6.38,2.71,0.64,2.19,0.8,0.53,78,1.53,,,,34,,,,,0.9,,,,,,,,,,,,34,,,,,,,,,,,,0.48,0.63,1.61,0,56,2 oz,84,3 oz,0
16281,HOUSE FOODS PREMIUM FIRM TOFU,82.87,85,10.92,4.19,1.05,0.97,0.9,0.4,149,1.69,,,,33,,,,,1.1,,,,,,,,,,,,0,,,,,,,,,,,,0.71,0.97,2.51,0,56,2 oz,84,3 oz,0
16399,"PEANUT BUTTER W/ OMEGA-3,CREAMY",0.99,608,24.47,54.17,3.37,17,6.1,3.11,45,1.67,191,426,780,356,3.08,0.476,1.85,,,0.055,0.087,12.875,0.87,0.292,,,,,94.5,,,,,,,,,,10.34,,,,9.691,36.614,6.95,,16,1 tbsp,,,0
20004,"BARLEY,HULLED",9.44,354,12.48,2.3,2.29,73.48,17.3,0.8,33,3.6,133,264,452,12,2.77,0.498,1.943,37.7,0,0.646,0.285,4.604,0.282,0.318,19,0,19,19,,0.0,22,1,0,0,13,0,0,160,0.57,0,0,2.2,0.482,0.295,1.108,0,184,1 cup,,,0
20005,"BARLEY,PEARLED,RAW",10.09,352,9.91,1.16,1.11,77.72,15.6,0.8,29,2.5,79,221,280,9,2.13,0.42,1.322,37.7,0,0.191,0.114,4.604,0.282,0.26,23,0,23,23,37.8,0.0,22,1,0,0,13,0,0,160,0.02,0,0,2.2,0.244,0.149,0.56,0,200,1 cup,,,0
20008,BUCKWHEAT,9.75,343,13.25,3.4,2.1,71.5,10,,18,2.2,231,347,460,1,2.4,1.1,1.3,8.3,0,0.101,0.425,7.02,1.233,0.21,30,0,30,30,,0.0,0,0,0,,,,,,,0,0,,0.741,1.04,1.039,0,170,1 cup,,,0
20015,"CORN BRAN,CRUDE",4.71,224,8.36,0.92,0.36,85.64,79,0,42,2.79,64,72,44,7,1.56,0.248,0.14,16.5,0,0.01,0.1,2.735,0.636,0.152,4,0,4,4,18.1,0.0,71,4,0,21,32,0,0,1355,0.42,0,0,0.3,0.13,0.243,0.421,0,76,1 cup,,,0
20031,"MILLET,RAW",8.67,378,11.02,4.22,3.25,72.85,8.5,,8,3.01,114,285,195,5,1.68,0.75,1.632,2.7,0,0.421,0.29,4.72,0.848,0.384,85,0,85,85,,0.0,0,0,0,,,,,,0.05,0,0,0.9,0.723,0.773,2.134,0,200,1 cup,,,0
20033,"OAT BRAN,RAW",6.55,246,17.3,7.03,2.89,66.22,15.4,1.45,58,5.41,235,734,566,4,3.11,0.403,5.63,45.2,0,1.17,0.22,0.934,1.494,0.165,52,0,52,52,32.2,0.0,0,0,0,0,0,0,0,180,1.01,0,0,3.2,1.328,2.376,2.766,0,94,1 cup,,,0
20036,"RICE,BROWN,LONG-GRAIN,RAW",11.8,367,7.54,3.2,1.21,76.25,3.6,0.66,9,1.29,116,311,250,5,2.13,0.302,2.853,17.1,0,0.541,0.095,6.494,1.065,0.477,23,0,23,23,21.5,0.0,0,0,0,0,0,0,0,0,0.6,0,0,0.6,0.591,1.054,1.0,0,185,1 cup,,,0
20038,OATS,8.22,389,16.89,6.9,1.72,66.27,10.6,,54,4.72,177,523,429,2,3.97,0.626,4.916,,0,0.763,0.139,0.961,1.349,0.119,56,0,56,56,,0.0,0,0,0,,,,,,,0,0,,1.217,2.178,2.535,0,156,1 cup,,,0
20040,"RICE,BROWN,MEDIUM-GRAIN,RAW",12.37,362,7.5,2.68,1.27,76.17,3.4,,33,1.8,143,264,268,4,2.02,0.277,3.743,,0,0.413,0.043,4.308,1.493,0.509,20,0,20,20,,0.0,0,0,0,,,,,,,0,0,,0.536,0.971,0.959,0,190,1 cup,,,0
20044,"RICE,WHITE,LONG-GRAIN,REG,RAW,ENR",11.62,365,7.13,0.66,0.64,79.95,1.3,0.12,28,4.31,25,115,115,5,1.09,0.22,1.088,15.1,0,0.576,0.049,4.192,1.014,0.164,231,223,8,387,5.8,0.0,0,0,0,0,0,0,0,0,0.11,0,0,0.1,0.18,0.206,0.177,0,185,1 cup,,,0
20050,"RICE,WHITE,MEDIUM-GRAIN,RAW,ENR",12.89,360,6.61,0.58,0.58,79.34,1.4,,9,4.36,35,108,86,1,1.16,0.11,1.1,15.1,0,0.578,0.048,5.093,1.342,0.145,231,222,9,386,,0.0,0,0,0,,,,,,0.11,0,0,,0.158,0.181,0.155,0,195,1 cup,,,0
20060,"RICE BRAN,CRUDE",6.13,316,13.35,20.85,9.98,49.69,21,0.9,57,18.54,781,1677,1485,5,6.04,0.728,14.21,15.6,0,2.753,0.284,33.995,7.39,4.07,63,0,63,63,32.2,0.0,0,0,0,0,0,0,0,220,4.92,0,0,1.9,4.171,7.549,7.459,0,118,1 cup,,,0
20062,RYE GRAIN,10.6,338,10.34,1.63,1.57,75.86,15.1,0.98,24,2.63,110,332,510,2,2.65,0.367,2.577,13.9,0,0.316,0.251,4.27,1.456,0.294,38,0,38,38,30.4,0.0,11,1,0,0,7,0,0,210,0.85,0,0,5.9,0.197,0.208,0.767,0,169,1 cup,,,0
20077,"WHEAT BRAN,CRUDE",9.89,216,15.55,4.25,5.79,64.51,42.8,0.41,73,10.57,611,1013,1182,2,7.27,0.998,11.5,77.6,0,0.523,0.577,13.578,2.181,1.303,79,0,79,79,74.4,0.0,9,0,0,0,6,0,0,240,1.49,0,0,1.9,0.63,0.637,2.212,0,58,1 cup,,,0
20078,"WHEAT GERM,CRUDE",11.12,360,23.15,9.72,4.21,51.8,13.2,,39,6.26,239,842,892,12,12.29,0.796,13.301,79.2,0,1.882,0.499,6.813,2.257,1.3,281,0,281,281,,0.0,0,0,0,,,,,,,0,0,,1.665,1.365,6.01,0,115,1 cup,,,0
20088,"WILD RICE,RAW",7.76,357,14.73,1.08,1.53,74.9,6.2,2.5,21,1.96,177,433,427,7,5.96,0.524,1.329,2.8,0,0.115,0.262,6.733,1.074,0.391,95,0,95,95,35,0.0,19,1,0,0,11,0,0,220,0.82,0,0,1.9,0.156,0.159,0.676,0,160,1 cup,,,0
20093,"PASTA,FRESH-REFRIGERATED,PLN,AS PURCHASED",31.0,288,11.31,2.3,0.66,54.73,,,15,3.35,46,163,179,26,1.22,0.228,0.547,,0,0.705,0.439,3.35,0.535,0.093,176,154,22,284,,0.31,47,14,14,,,,,,,,,,0.328,0.271,0.942,73,128,4.5 oz,,,0
20095,"PASTA,FRESH-REFRIGERATED,SPINACH,AS PURCHASED",30.1,289,11.26,2.1,0.82,55.72,,,43,3.3,63,148,272,27,1.4,0.197,0.781,,0,0.609,0.398,3.46,0.688,0.315,177,121,56,262,,0.31,241,25,15,,,,,,,,,,0.483,0.659,0.467,73,128,4.5 oz,,,0
20113,"NOODLES,CHINESE,CHOW MEIN",1.18,475,8.11,15.43,2.6,72.8,3.7,5.71,20,4.73,52,161,120,1174,1.4,0.167,,43,0,0.578,0.421,5.95,0.533,0.11,106,84,22,165,8.7,0.0,0,0,0,0,0,0,0,14,2.3,0,0,1.4,2.229,8.929,3.571,0,28,".5 cup, dry",43,1.5 oz,0
20444,"RICE,WHITE,LONG-GRAIN,REG,RAW,UNENR",11.62,365,7.13,0.66,0.64,79.95,1.3,0.12,28,0.8,25,115,115,5,1.09,0.22,1.088,15.1,0,0.07,0.049,1.6,1.014,0.164,8,0,8,8,5.8,0.0,0,0,0,0,0,0,0,0,0.11,0,0,0.1,0.18,0.206,0.177,0,185,1 cup,,,0
20450,"RICE,WHITE,MEDIUM-GRAIN,RAW,UNENR",12.89,360,6.61,0.58,0.58,79.34,,,9,0.8,35,108,86,1,1.16,0.11,1.1,,0,0.07,0.048,1.6,1.342,0.145,9,0,9,9,,0.0,,,,,,,,,,0,0,,0.158,0.181,0.155,0,195,1 cup,,,0
20452,"RICE,WHITE,SHORT-GRAIN,RAW,UNENR",13.29,358,6.5,0.52,0.54,79.15,,,3,0.8,23,95,76,1,1.1,0.21,1.037,,0,0.07,0.048,1.6,1.287,0.171,6,0,6,6,,0.0,,,,,,,,,,0,0,,0.14,0.161,0.138,0,200,1 cup,,,0
